created_at,category,title,handle,url,vendor,product_type,variants,price_min,price_max,tags
2025-01-06T14:52:52+09:00,hololive friends,hololive friends with u 春先のどか,hololivefriendswithu_harusakinodoka,https://shop.hololivepro.com/products/hololivefriendswithu_harusakinodoka,hololive production official shop,,1,3740,3740,hololivefriends | hololiveoffice | Recommended_MERCH | Talent_春先のどか
2025-01-07T09:28:22+09:00,シリーズ/アパレル,ReGLOSS's PLAYLIST 05,reglosssplaylist_05,https://shop.hololivepro.com/products/reglosssplaylist_05,hololive DEV_IS,,8,550,8250,Generation_ReGLOSS | Group_hololiveDEV_IS | Recommended_MERCH | reglosssplaylist | Talent_一条莉々華 | Talent_儒烏風亭らでん | Talent_火威青 | Talent_轟はじめ | Talent_音乃瀬奏
2025-01-07T10:25:53+09:00,シリーズ/アパレル,hololive Seasonal Days ホロライブバレンタイン ～Message for You～,hsd_valentine2025,https://shop.hololivepro.com/products/hsd_valentine2025,hololive production official shop,,16,350,6600,_group:hololiveValentine2025 | Generation_ReGLOSS | Generation_ホロライブ0期生 | Generation_ホロライブ1期生 | Generation_ホロライブゲーマーズ | Generation_秘密結社holoX | Group_hololiveDEV_IS | Group_ホロライブ | hololive_seasonaldays | hololiveseasonaldays | hololiveValentine2025 | hsd_hololivevalentine | Recommended_MERCH | Talent_AZKi | Talent_一条莉々華 | Talent_博衣こより | Talent_星街すいせい | Talent_白上フブキ | Talent_風真いろは
2025-01-07T11:57:37+09:00,その他,ホロライブバレンタイン ～Message for You～ バレンタインフレグランス＆お手紙セット,hsd_valentine2025_fragrance,https://shop.hololivepro.com/products/hsd_valentine2025_fragrance,hololive production official shop,,6,7700,7700,_ng_with_normal_group:hololiveValentine2025 | Generation_ReGLOSS | Generation_ホロライブ0期生 | Generation_ホロライブ1期生 | Generation_ホロライブゲーマーズ | Generation_秘密結社holoX | Group_hololiveDEV_IS | Group_ホロライブ | hololive_seasonaldays | hololiveseasonaldays | hsd_hololivevalentine | Recommended_MERCH | Talent_AZKi | Talent_一条莉々華 | Talent_博衣こより | Talent_星街すいせい | Talent_白上フブキ | Talent_風真いろは
2025-01-07T14:59:10+09:00,誕生日記念,兎田ぺこら 誕生日記念2025,usadapekora_bd2025,https://shop.hololivepro.com/products/usadapekora_bd2025,Usada Pekora,,6,880,15950,Generation_ホロライブ3期生 | Group_ホロライブ | Recommended_MERCH | Talent_兎田ぺこら | 受注生産商品
2025-01-07T15:55:18+09:00,その他,シオリ・ノヴェラ 新衣装記念2025,shiorinovella_no2025,https://shop.hololivepro.com/products/shiorinovella_no2025,Shiori Novella,,6,1100,14300,Generation_hololiveEnglish-Advent- | Group_ホロライブEnglish | Recommended_MERCH | Talent_シオリ・ノヴェラ | 受注生産商品
2025-01-07T16:38:43+09:00,誕生日記念,荒咬オウガ 誕生日記念2025,aragamioga_bd2025,https://shop.hololivepro.com/products/aragamioga_bd2025,Aragami Oga,,6,550,12760,Generation_ホロスターズ3期生 | Group_ホロスターズ | Recommended_MERCH | Recommended_デジタルコンテンツ | Talent_荒咬オウガ | デジタルコンテンツ | 受注生産商品
2025-01-08T09:46:14+09:00,LIVE/イベント物販,hololive 6th fes. Color Rise Harmony デジタルメッセージボード,hololive_6thfes_digitalmessageboard,https://shop.hololivepro.com/products/hololive_6thfes_digitalmessageboard,hololive production official shop,,6,3000,6000,_ng_with_normal_group:hololive6thfes_DMB | Generation_hololiveEnglish-Advent- | Generation_hololiveEnglish-Council- | Generation_hololiveEnglish-Myth- | Generation_hololiveEnglish-Promise- | Generation_ReGLOSS | Generation_ホロライブ0期生 | Generation_ホロライブ1期生 | Generation_ホロライブ2期生 | Generation_ホロライブ3期生 | Generation_ホロライブ4期生 | Generation_ホロライブ5期生 | Generation_ホロライブインドネシア1期生 | Generation_ホロライブインドネシア2期生 | Generation_ホロライブインドネシア3期生 | Generation_ホロライブゲーマーズ | Generation_秘密結社holoX | Group_hololiveDEV_IS | Group_ホロライブ | Group_ホロライブEnglish | Group_ホロライブインドネシア | Recommended_デジタルコンテンツ | Talent_AZKi | Talent_IRyS | Talent_がうる・ぐら | Talent_こぼ・かなえる | Talent_さくらみこ | Talent_ときのそら | Talent_アイラニ・イオフィフティーン | Talent_アキ・ローゼンタール | Talent_アユンダ・リス | Talent_アーニャ・メルフィッサ | Talent_オーロ・クロニー | Talent_カエラ・コヴァルスキア | Talent_クレイジー・オリー | Talent_シオリ・ノヴェラ | Talent_ネリッサ・レイヴンクロフト | Talent_ハコス・ベールズ | Talent_パヴォリア・レイネ | Talent_フワワ・アビスガード | Talent_ベスティア・ゼータ | Talent_ムーナ・ホシノヴァ | Talent_モココ・アビスガード | Talent_ラプラス・ダークネス | Talent_ロボ子さん | Talent_一伊那尓栖 | Talent_一条莉々華 | Talent_七詩ムメイ | Talent_不知火フレア | Talent_儒烏風亭らでん | Talent_兎田ぺこら | Talent_博衣こより | Talent_古石ビジュー | Talent_夏色まつり | Talent_大神ミオ | Talent_大空スバル | Talent_天音かなた | Talent_姫森ルーナ | Talent_宝鐘マリン | Talent_小鳥遊キアラ | Talent_尾丸ポルカ | Talent_常闇トワ | Talent_戌神ころね | Talent_星街すいせい | Talent_桃鈴ねね | Talent_森カリオペ | Talent_火威青 | Talent_猫又おかゆ | Talent_獅白ぼたん | Talent_癒月ちょこ | Talent_白上フブキ | Talent_白銀ノエル | Talent_百鬼あやめ | Talent_紫咲シオン | Talent_角巻わため | Talent_赤井はあと | Talent_轟はじめ | Talent_雪花ラミィ | Talent_音乃瀬奏 | Talent_風真いろは | Talent_鷹嶺ルイ | デジタルのみ | デジタルコンテンツ
2025-01-08T10:24:09+09:00,誕生日記念,アユンダ・リス 誕生日記念2025,ayundarisu_bd2025,https://shop.hololivepro.com/products/ayundarisu_bd2025,Ayunda Risu,,5,2750,18150,Generation_ホロライブインドネシア1期生 | Group_ホロライブインドネシア | Recommended_MERCH | Talent_アユンダ・リス | 受注生産商品
2025-01-08T10:53:04+09:00,ボイス,ホロスターズ バレンタインボイス2025,holostars_valentinevoice2025,https://shop.hololivepro.com/products/holostars_valentinevoice2025,HOLOSTARS,,5,1650,6600,Generation_UPROAR‼︎ | Generation_ホロスターズ1期生 | Generation_ホロスターズ2期生 | Generation_ホロスターズ3期生 | Group_ホロスターズ | Recommended_デジタルコンテンツ | Talent_アステル・レダ | Talent_奏手イヅル | Talent_影山シエン | Talent_水無世燐央 | デジタルのみ | デジタルコンテンツ
2025-01-08T12:07:03+09:00,シリーズ/アパレル,hololive Connect hololive pixel art 2期生,hololiveconnect_pixelart_gen2,https://shop.hololivepro.com/products/hololiveconnect_pixelart_gen2,hololive production official shop,,35,1100,11000,Generation_ホロライブ2期生 | Group_ホロライブ | hololiveconnect | hololiveconnect_pixelart | Recommended_MERCH | Talent_大空スバル | Talent_癒月ちょこ | Talent_百鬼あやめ | Talent_紫咲シオン
2025-01-08T13:34:16+09:00,シリーズ/アパレル,hololive Connect hololive pixel art 3期生,hololiveconnect_pixelart_gen3,https://shop.hololivepro.com/products/hololiveconnect_pixelart_gen3,hololive production official shop,,35,1100,11000,Generation_ホロライブ3期生 | Group_ホロライブ | hololiveconnect | hololiveconnect_pixelart | Recommended_MERCH | Talent_不知火フレア | Talent_兎田ぺこら | Talent_宝鐘マリン | Talent_白銀ノエル
2025-01-10T10:52:05+09:00,LIVE/イベント物販,【先行発送】hololive SUPER EXPO 2025 イベントグッズ 先行通販,hololive_superexpo2025_advancedshipping,https://shop.hololivepro.com/products/hololive_superexpo2025_advancedshipping,hololive production official shop,,91,1400,13200,_ng_with_normal_group:hololive6thfesEXPO | Generation_ARMIS | Generation_FLOWGLOW | Generation_hololiveEnglish-Advent- | Generation_hololiveEnglish-Council- | Generation_hololiveEnglish-Justice- | Generation_hololiveEnglish-Myth- | Generation_hololiveEnglish-Promise- | Generation_ReGLOSS | Generation_TEMPUS | Generation_UPROAR‼︎ | Generation_ホロスターズ1期生 | Generation_ホロスターズ2期生 | Generation_ホロスターズ3期生 | Generation_ホロライブ0期生 | Generation_ホロライブ1期生 | Generation_ホロライブ2期生 | Generation_ホロライブ3期生 | Generation_ホロライブ4期生 | Generation_ホロライブ5期生 | Generation_ホロライブインドネシア1期生 | Generation_ホロライブインドネシア2期生 | Generation_ホロライブインドネシア3期生 | Generation_ホロライブゲーマーズ | Generation_秘密結社holoX | Group_hololiveDEV_IS | Group_ホロスターズ | Group_ホロスターズEnglish | Group_ホロライブ | Group_ホロライブEnglish | Group_ホロライブインドネシア | hololive_superexpo2025 | hololivesuperexpo2025 | Recommended_MERCH | Talent_AZKi | Talent_IRyS | Talent_がうる・ぐら | Talent_こぼ・かなえる | Talent_さくらみこ | Talent_ときのそら | Talent_アイラニ・イオフィフティーン | Talent_アキ・ローゼンタール | Talent_アクセル・シリオス | Talent_アステル・レダ | Talent_アユンダ・リス | Talent_アルランディス | Talent_アーニャ・メルフィッサ | Talent_エリザベス・ローズ・ブラッドフレイム | Talent_オクタビオ | Talent_オーロ・クロニー | Talent_カエラ・コヴァルスキア | Talent_ガビス・ベッテル | Talent_クリムゾン・ルーズ | Talent_クレイジー・オリー | Talent_ゴールドブレット | Talent_シオリ・ノヴェラ | Talent_ジジ・ムリン | Talent_ジュラルド・ティー・レクスフォード | Talent_セシリア・イマーグリーン | Talent_ネリッサ・レイヴンクロフト | Talent_ハコス・ベールズ | Talent_パヴォリア・レイネ | Talent_フワワ・アビスガード | Talent_ベスティア・ゼータ | Talent_マキナ・X・フレオン | Talent_ムーナ・ホシノヴァ | Talent_モココ・アビスガード | Talent_ラオーラ・パンテーラ | Talent_ラプラス・ダークネス | Talent_リージス・アルテア | Talent_ロボ子さん | Talent_ワトソン・アメリア | Talent_一伊那尓栖 | Talent_一条莉々華 | Talent_七詩ムメイ | Talent_万象院ハッカ | Talent_不知火フレア | Talent_儒烏風亭らでん | Talent_兎田ぺこら | Talent_博衣こより | Talent_古石ビジュー | Talent_夏色まつり | Talent_夕刻ロベル | Talent_夜十神封魔 | Talent_大神ミオ | Talent_大空スバル | Talent_天音かなた | Talent_奏手イヅル | Talent_姫森ルーナ | Talent_定水寺シンリ | Talent_宝鐘マリン | Talent_小鳥遊キアラ | Talent_尾丸ポルカ | Talent_岸堂天真 | Talent_常闇トワ | Talent_影山シエン | Talent_律可 | Talent_戌神ころね | Talent_星街すいせい | Talent_桃鈴ねね | Talent_森カリオペ | Talent_水宮枢 | Talent_水無世燐央 | Talent_沙花叉クロヱ | Talent_火威青 | Talent_猫又おかゆ | Talent_獅白ぼたん | Talent_癒月ちょこ | Talent_白上フブキ | Talent_白銀ノエル | Talent_百鬼あやめ | Talent_紫咲シオン | Talent_綺々羅々ヴィヴィ | Talent_羽継烏有 | Talent_花咲みやび | Talent_荒咬オウガ | Talent_虎金妃笑虎 | Talent_角巻わため | Talent_赤井はあと | Talent_輪堂千速 | Talent_轟はじめ | Talent_雪花ラミィ | Talent_音乃瀬奏 | Talent_響咲リオナ | Talent_風真いろは | Talent_鷹嶺ルイ
2025-01-10T12:07:03+09:00,LIVE/イベント物販,【先行発送】hololive 6th fes. Color Rise Harmony ライブグッズ 先行通販,hololive_6thfes_advancedshipping,https://shop.hololivepro.com/products/hololive_6thfes_advancedshipping,hololive production official shop,,12,2200,10450,_ng_with_normal_group:hololive6thfesEXPO | Generation_hololiveEnglish-Advent- | Generation_hololiveEnglish-Council- | Generation_hololiveEnglish-Myth- | Generation_hololiveEnglish-Promise- | Generation_ReGLOSS | Generation_ホロライブ0期生 | Generation_ホロライブ1期生 | Generation_ホロライブ2期生 | Generation_ホロライブ3期生 | Generation_ホロライブ4期生 | Generation_ホロライブ5期生 | Generation_ホロライブインドネシア1期生 | Generation_ホロライブインドネシア2期生 | Generation_ホロライブインドネシア3期生 | Generation_ホロライブゲーマーズ | Generation_秘密結社holoX | Group_hololiveDEV_IS | Group_ホロライブ | Group_ホロライブEnglish | Group_ホロライブインドネシア | hololive_superexpo2025 | Recommended_MERCH | Talent_AZKi | Talent_IRyS | Talent_がうる・ぐら | Talent_こぼ・かなえる | Talent_さくらみこ | Talent_ときのそら | Talent_アイラニ・イオフィフティーン | Talent_アキ・ローゼンタール | Talent_アユンダ・リス | Talent_アーニャ・メルフィッサ | Talent_オーロ・クロニー | Talent_カエラ・コヴァルスキア | Talent_クレイジー・オリー | Talent_シオリ・ノヴェラ | Talent_ネリッサ・レイヴンクロフト | Talent_ハコス・ベールズ | Talent_パヴォリア・レイネ | Talent_フワワ・アビスガード | Talent_ベスティア・ゼータ | Talent_ムーナ・ホシノヴァ | Talent_モココ・アビスガード | Talent_ラプラス・ダークネス | Talent_ロボ子さん | Talent_一伊那尓栖 | Talent_一条莉々華 | Talent_七詩ムメイ | Talent_不知火フレア | Talent_儒烏風亭らでん | Talent_兎田ぺこら | Talent_博衣こより | Talent_古石ビジュー | Talent_夏色まつり | Talent_大神ミオ | Talent_大空スバル | Talent_天音かなた | Talent_姫森ルーナ | Talent_宝鐘マリン | Talent_小鳥遊キアラ | Talent_尾丸ポルカ | Talent_常闇トワ | Talent_戌神ころね | Talent_星街すいせい | Talent_桃鈴ねね | Talent_森カリオペ | Talent_火威青 | Talent_猫又おかゆ | Talent_獅白ぼたん | Talent_癒月ちょこ | Talent_白上フブキ | Talent_白銀ノエル | Talent_百鬼あやめ | Talent_紫咲シオン | Talent_角巻わため | Talent_赤井はあと | Talent_轟はじめ | Talent_雪花ラミィ | Talent_音乃瀬奏 | Talent_風真いろは | Talent_鷹嶺ルイ
2025-01-10T15:40:54+09:00,ボイス,ホロライブ 日常ささやき「君と焚火でくつろぐ」ボイス,hololive_asmr_chillinbythecampfire,https://shop.hololivepro.com/products/hololive_asmr_chillinbythecampfire,hololive production official shop,,16,1000,15000,Generation_FLOWGLOW | Generation_ReGLOSS | Generation_ホロライブ0期生 | Generation_ホロライブ2期生 | Generation_ホロライブ3期生 | Generation_ホロライブ5期生 | Generation_秘密結社holoX | Group_hololiveDEV_IS | Group_ホロライブ | Recommended_デジタルコンテンツ | Talent_AZKi | Talent_ロボ子さん | Talent_一条莉々華 | Talent_儒烏風亭らでん | Talent_博衣こより | Talent_尾丸ポルカ | Talent_水宮枢 | Talent_癒月ちょこ | Talent_白銀ノエル | Talent_百鬼あやめ | Talent_綺々羅々ヴィヴィ | Talent_虎金妃笑虎 | Talent_輪堂千速 | Talent_雪花ラミィ | Talent_響咲リオナ | デジタルのみ | デジタルコンテンツ
2025-01-10T16:09:49+09:00,その他,古石ビジュー 新衣装記念2025,kosekibijou_no2025,https://shop.hololivepro.com/products/kosekibijou_no2025,Koseki Bijou,,6,1100,21450,Generation_hololiveEnglish-Advent- | Group_ホロライブEnglish | Recommended_MERCH | Recommended_デジタルコンテンツ | Talent_古石ビジュー | デジタルコンテンツ | 受注生産商品
2025-01-14T13:40:56+09:00,LIVE/イベント物販,HOLOLIVE ALTERNATIVE コミックマーケット105 事後通販,hololivealternative_comicmarket105,https://shop.hololivepro.com/products/hololivealternative_comicmarket105,hololive production official shop,,2,2800,3300,Generation_ホロライブ1期生 | Generation_ホロライブ3期生 | Generation_ホロライブ4期生 | Group_ホロライブ | Recommended_MERCH | Talent_不知火フレア | Talent_白銀ノエル | Talent_角巻わため | Talent_赤井はあと
2025-01-15T16:55:01+09:00,その他,ホロライブEnglish Advent VS Justice Valentine's Day,hololiveen_advsjus_valentine2025,https://shop.hololivepro.com/products/hololiveen_advsjus_valentine2025,hololive English,,25,550,4950,advsjus | Generation_hololiveEnglish-Advent- | Generation_hololiveEnglish-Justice- | Group_ホロライブEnglish | Recommended_MERCH | Talent_エリザベス・ローズ・ブラッドフレイム | Talent_シオリ・ノヴェラ | Talent_ジジ・ムリン | Talent_セシリア・イマーグリーン | Talent_ネリッサ・レイヴンクロフト | Talent_フワワ・アビスガード | Talent_モココ・アビスガード | Talent_ラオーラ・パンテーラ | Talent_古石ビジュー
2025-01-17T09:38:59+09:00,その他,クリムゾン・ルーズ 新衣装記念2025,crimzonruze_no2025,https://shop.hololivepro.com/products/crimzonruze_no2025,Crimzon Ruze,,4,1210,6710,Generation_ARMIS | Group_ホロスターズEnglish | Recommended_MERCH | Recommended_デジタルコンテンツ | Talent_クリムゾン・ルーズ | デジタルコンテンツ | 受注生産商品
2025-01-17T11:04:23+09:00,その他,ゴールドブレット 新衣装記念2025,goldbullet_no2025,https://shop.hololivepro.com/products/goldbullet_no2025,Goldbullet,,3,2200,6600,Generation_ARMIS | Group_ホロスターズEnglish | Recommended_MERCH | Talent_ゴールドブレット | 受注生産商品
2025-01-20T09:34:22+09:00,その他,ホロ活 マフラータオル ブライト衣装ver.,holokatsu_mufflertowel_brightoutfitver,https://shop.hololivepro.com/products/holokatsu_mufflertowel_brightoutfitver,hololive production official shop,,50,2860,2860,Generation_hololiveEnglish-Council- | Generation_hololiveEnglish-Myth- | Generation_hololiveEnglish-Promise- | Generation_ホロライブ0期生 | Generation_ホロライブ1期生 | Generation_ホロライブ2期生 | Generation_ホロライブ3期生 | Generation_ホロライブ4期生 | Generation_ホロライブ5期生 | Generation_ホロライブインドネシア1期生 | Generation_ホロライブインドネシア2期生 | Generation_ホロライブインドネシア3期生 | Generation_ホロライブゲーマーズ | Generation_秘密結社holoX | Group_ホロライブ | Group_ホロライブEnglish | Group_ホロライブインドネシア | holokatsu | Recommended_MERCH | Recommended_定番商品 | Talent_AZKi | Talent_IRyS | Talent_がうる・ぐら | Talent_こぼ・かなえる | Talent_さくらみこ | Talent_ときのそら | Talent_アイラニ・イオフィフティーン | Talent_アキ・ローゼンタール | Talent_アユンダ・リス | Talent_アーニャ・メルフィッサ | Talent_オーロ・クロニー | Talent_カエラ・コヴァルスキア | Talent_クレイジー・オリー | Talent_ハコス・ベールズ | Talent_パヴォリア・レイネ | Talent_ベスティア・ゼータ | Talent_ムーナ・ホシノヴァ | Talent_ラプラス・ダークネス | Talent_ロボ子さん | Talent_一伊那尓栖 | Talent_七詩ムメイ | Talent_不知火フレア | Talent_兎田ぺこら | Talent_博衣こより | Talent_夏色まつり | Talent_大神ミオ | Talent_大空スバル | Talent_天音かなた | Talent_姫森ルーナ | Talent_宝鐘マリン | Talent_小鳥遊キアラ | Talent_尾丸ポルカ | Talent_常闇トワ | Talent_戌神ころね | Talent_星街すいせい | Talent_桃鈴ねね | Talent_森カリオペ | Talent_沙花叉クロヱ | Talent_猫又おかゆ | Talent_獅白ぼたん | Talent_癒月ちょこ | Talent_白上フブキ | Talent_白銀ノエル | Talent_百鬼あやめ | Talent_紫咲シオン | Talent_角巻わため | Talent_赤井はあと | Talent_雪花ラミィ | Talent_風真いろは | Talent_鷹嶺ルイ
2025-01-20T15:09:54+09:00,その他,ジュラルド・ティー・レクスフォード 新衣装記念2025,jurardtrexford_no2025,https://shop.hololivepro.com/products/jurardtrexford_no2025,Jurard T Rexford,,4,2200,9900,Generation_ARMIS | Group_ホロスターズEnglish | Recommended_MERCH | Recommended_デジタルコンテンツ | Talent_ジュラルド・ティー・レクスフォード | デジタルコンテンツ | 受注生産商品
2025-01-20T15:43:16+09:00,その他,オクタビオ 新衣装記念2025,octavio_no2025,https://shop.hololivepro.com/products/octavio_no2025,Octavio,,4,0,6600,Generation_ARMIS | Group_ホロスターズEnglish | Recommended_MERCH | Talent_オクタビオ | 受注生産商品
2025-01-21T09:29:51+09:00,hololive friends,hololive friends poutique Fun!ハット ときのそら,hololivefriends_poutique_funhat_tokinosora,https://shop.hololivepro.com/products/hololivefriends_poutique_funhat_tokinosora,Tokino Sora,,1,1200,1200,Generation_ホロライブ0期生 | Group_ホロライブ | hololivefriendspoutique | Recommended_MERCH | Recommended_定番商品 | Talent_ときのそら
2025-01-21T10:19:24+09:00,hololive friends,hololive friends poutique Fun!ハット 星街すいせい,hololivefriends_poutique_funhat_hoshimachisuisei,https://shop.hololivepro.com/products/hololivefriends_poutique_funhat_hoshimachisuisei,Hoshimachi Suisei,,1,1200,1200,Generation_ホロライブ0期生 | Group_ホロライブ | hololivefriendspoutique | Recommended_MERCH | Recommended_定番商品 | Talent_星街すいせい
2025-01-21T10:33:52+09:00,hololive friends,hololive friends poutique Fun!ハット アキ・ローゼンタール,hololivefriends_poutique_funhat_akirosenthal,https://shop.hololivepro.com/products/hololivefriends_poutique_funhat_akirosenthal,Aki Rosenthal,,1,1200,1200,Generation_ホロライブ1期生 | Group_ホロライブ | hololivefriendspoutique | Recommended_MERCH | Recommended_定番商品 | Talent_アキ・ローゼンタール
2025-01-21T10:48:11+09:00,hololive friends,hololive friends poutique Fun!ハット 紫咲シオン,hololivefriends_poutique_funhat_murasakishion,https://shop.hololivepro.com/products/hololivefriends_poutique_funhat_murasakishion,Murasaki Shion,,1,1200,1200,Generation_ホロライブ2期生 | Group_ホロライブ | hololivefriendspoutique | Recommended_MERCH | Recommended_定番商品 | Talent_紫咲シオン
2025-01-21T11:34:18+09:00,hololive friends,hololive friends poutique Fun!ハット 猫又おかゆ,hololivefriends_poutique_funhat_nekomataokayu,https://shop.hololivepro.com/products/hololivefriends_poutique_funhat_nekomataokayu,Nekomata Okayu,,1,1200,1200,Generation_ホロライブゲーマーズ | Group_ホロライブ | hololivefriendspoutique | Recommended_MERCH | Recommended_定番商品 | Talent_猫又おかゆ
2025-01-21T11:35:39+09:00,hololive friends,hololive friends poutique Fun!ハット 宝鐘マリン,hololivefriends_poutique_funhat_houshoumarine,https://shop.hololivepro.com/products/hololivefriends_poutique_funhat_houshoumarine,Houshou Marine,,1,1200,1200,Generation_ホロライブ3期生 | Group_ホロライブ | hololivefriendspoutique | Recommended_MERCH | Recommended_定番商品 | Talent_宝鐘マリン
2025-01-21T11:36:10+09:00,hololive friends,hololive friends poutique Fun!ハット 兎田ぺこら,hololivefriends_poutique_funhat_usadapekora,https://shop.hololivepro.com/products/hololivefriends_poutique_funhat_usadapekora,Usada Pekora,,1,1200,1200,Generation_ホロライブ3期生 | Group_ホロライブ | hololivefriendspoutique | Recommended_MERCH | Recommended_定番商品 | Talent_兎田ぺこら
2025-01-21T11:36:45+09:00,hololive friends,hololive friends poutique Fun!ハット 姫森ルーナ,hololivefriends_poutique_funhat_himemoriluna,https://shop.hololivepro.com/products/hololivefriends_poutique_funhat_himemoriluna,Himemori Luna,,1,1200,1200,Generation_ホロライブ4期生 | Group_ホロライブ | hololivefriendspoutique | Recommended_MERCH | Recommended_定番商品 | Talent_姫森ルーナ
2025-01-21T11:37:16+09:00,hololive friends,hololive friends poutique Fun!ハット 桃鈴ねね,hololivefriends_poutique_funhat_momosuzunene,https://shop.hololivepro.com/products/hololivefriends_poutique_funhat_momosuzunene,Momosuzu Nene,,1,1200,1200,Generation_ホロライブ5期生 | Group_ホロライブ | hololivefriendspoutique | Recommended_MERCH | Recommended_定番商品 | Talent_桃鈴ねね
2025-01-21T11:37:48+09:00,hololive friends,hololive friends poutique Fun!ハット 沙花叉クロヱ,hololivefriends_poutique_funhat_sakamatachloe,https://shop.hololivepro.com/products/hololivefriends_poutique_funhat_sakamatachloe,Sakamata Chloe,,1,1200,1200,Generation_秘密結社holoX | Group_ホロライブ | hololivefriendspoutique | Recommended_MERCH | Recommended_定番商品 | Talent_沙花叉クロヱ
2025-01-21T11:38:25+09:00,hololive friends,hololive friends poutique Fun!ハット 風真いろは,hololivefriends_poutique_funhat_kazamairoha,https://shop.hololivepro.com/products/hololivefriends_poutique_funhat_kazamairoha,Kazama Iroha,,1,1200,1200,Generation_秘密結社holoX | Group_ホロライブ | hololivefriendspoutique | Recommended_MERCH | Recommended_定番商品 | Talent_風真いろは
2025-01-21T15:24:19+09:00,その他,ホロスターズバレンタイン2025,holostars_valentine2025,https://shop.hololivepro.com/products/holostars_valentine2025,HOLOSTARS,,17,350,5940,Generation_UPROAR‼︎ | Generation_ホロスターズ1期生 | Generation_ホロスターズ2期生 | Generation_ホロスターズ3期生 | Group_ホロスターズ | Recommended_MERCH | Talent_アステル・レダ | Talent_奏手イヅル | Talent_影山シエン | Talent_水無世燐央
2025-01-23T17:44:30+09:00,誕生日記念,リージス・アルテア 誕生日記念2025,regisaltare_birthday_2025,https://shop.hololivepro.com/products/regisaltare_birthday_2025,Regis Altare,,5,3300,16280,Generation_TEMPUS | Group_ホロスターズEnglish | Recommended_MERCH | Talent_リージス・アルテア | 受注生産商品
2025-01-24T10:58:25+09:00,誕生日記念,尾丸ポルカ 誕生日記念2025,omarupolka_bd2025,https://shop.hololivepro.com/products/omarupolka_bd2025,Omaru Polka,,8,0,11990,Generation_ホロライブ5期生 | Group_ホロライブ | Recommended_MERCH | Recommended_デジタルコンテンツ | Talent_尾丸ポルカ | デジタルコンテンツ | 受注生産商品
2025-01-27T09:59:59+09:00,その他,hololive Magazine Series -Spotlight- vol.1,hololivemagazine_spotlight_vol1,https://shop.hololivepro.com/products/hololivemagazine_spotlight_vol1,hololive production official shop,,8,550,3850,Generation_ホロライブ1期生 | Generation_ホロライブ3期生 | Generation_ホロライブゲーマーズ | Group_ホロライブ | hololive_magazine_spotlight | Recommended_MERCH | Talent_宝鐘マリン | Talent_白上フブキ
2025-01-27T12:02:41+09:00,LIVE/イベント物販,Hoshimachi Suisei 日本武道館 Live “SuperNova” ライブグッズ 2次販売,hoshimachisuisei_live_supernova_2nd,https://shop.hololivepro.com/products/hoshimachisuisei_live_supernova_2nd,Hoshimachi Suisei,,15,500,12500,Generation_ホロライブ0期生 | Group_ホロライブ | hoshimachisuisei_live_supernova | Recommended_MERCH | Talent_星街すいせい
2025-01-27T14:44:03+09:00,ボイス,ホロライブ バレンタインボイス2025 ～秘密の告白～,hololive_valentinevoice2025,https://shop.hololivepro.com/products/hololive_valentinevoice2025,hololive production official shop,,86,500,47000,Generation_FLOWGLOW | Generation_hololiveEnglish-Advent- | Generation_hololiveEnglish-Council- | Generation_hololiveEnglish-Justice- | Generation_hololiveEnglish-Myth- | Generation_hololiveEnglish-Promise- | Generation_ReGLOSS | Generation_ホロライブ0期生 | Generation_ホロライブ1期生 | Generation_ホロライブ2期生 | Generation_ホロライブ3期生 | Generation_ホロライブ4期生 | Generation_ホロライブ5期生 | Generation_ホロライブインドネシア1期生 | Generation_ホロライブインドネシア2期生 | Generation_ホロライブインドネシア3期生 | Generation_ホロライブゲーマーズ | Generation_秘密結社holoX | Group_hololiveDEV_IS | Group_ホロライブ | Group_ホロライブEnglish | Group_ホロライブインドネシア | Recommended_デジタルコンテンツ | Talent_AZKi | Talent_ときのそら | Talent_アイラニ・イオフィフティーン | Talent_アユンダ・リス | Talent_アーニャ・メルフィッサ | Talent_エリザベス・ローズ・ブラッドフレイム | Talent_オーロ・クロニー | Talent_クレイジー・オリー | Talent_シオリ・ノヴェラ | Talent_ジジ・ムリン | Talent_ネリッサ・レイヴンクロフト | Talent_フワワ・アビスガード | Talent_ベスティア・ゼータ | Talent_モココ・アビスガード | Talent_ロボ子さん | Talent_一条莉々華 | Talent_不知火フレア | Talent_儒烏風亭らでん | Talent_博衣こより | Talent_古石ビジュー | Talent_夏色まつり | Talent_天音かなた | Talent_姫森ルーナ | Talent_宝鐘マリン | Talent_尾丸ポルカ | Talent_桃鈴ねね | Talent_森カリオペ | Talent_水宮枢 | Talent_火威青 | Talent_猫又おかゆ | Talent_獅白ぼたん | Talent_白銀ノエル | Talent_紫咲シオン | Talent_綺々羅々ヴィヴィ | Talent_虎金妃笑虎 | Talent_角巻わため | Talent_輪堂千速 | Talent_轟はじめ | Talent_雪花ラミィ | Talent_響咲リオナ | デジタルのみ | デジタルコンテンツ
2025-01-27T16:29:45+09:00,その他,天音かなた 天界警備任務衣装記念,amanekanata_heavenlyguardmission_no,https://shop.hololivepro.com/products/amanekanata_heavenlyguardmission_no,Amane Kanata,,6,1100,17050,Generation_ホロライブ4期生 | Group_ホロライブ | Recommended_MERCH | Talent_天音かなた | 受注生産商品
2025-01-27T18:08:36+09:00,その他,尾丸ポルカ 1st Album『Filmy Funny』,omarupolka_al_filmyfunny,https://shop.hololivepro.com/products/omarupolka_al_filmyfunny,Omaru Polka,,2,3300,6600,CD | Generation_ホロライブ5期生 | Group_ホロライブ | Recommended_MERCH | Talent_尾丸ポルカ | 受注生産商品
2025-01-28T09:53:04+09:00,誕生日記念,フワワ・アビスガード 誕生日記念2025,fuwawaabyssgard_bd2025,https://shop.hololivepro.com/products/fuwawaabyssgard_bd2025,FUWAMOCO,,8,0,19360,Generation_hololiveEnglish-Advent- | Group_ホロライブEnglish | Recommended_MERCH | Recommended_デジタルコンテンツ | Talent_フワワ・アビスガード | デジタルコンテンツ | フワモコ | 受注生産商品
2025-01-28T11:03:21+09:00,誕生日記念,モココ・アビスガード 誕生日記念2025,mococoabyssgard_bd2025,https://shop.hololivepro.com/products/mococoabyssgard_bd2025,FUWAMOCO,,7,550,19470,Generation_hololiveEnglish-Advent- | Group_ホロライブEnglish | Recommended_MERCH | Recommended_デジタルコンテンツ | Talent_モココ・アビスガード | デジタルコンテンツ | フワモコ | 受注生産商品
2025-01-28T14:22:22+09:00,誕生日記念,儒烏風亭らでん 誕生日記念2025,juufuuteiraden_bd2025,https://shop.hololivepro.com/products/juufuuteiraden_bd2025,Juufuutei Raden,,6,1100,14410,Generation_ReGLOSS | Group_hololiveDEV_IS | Recommended_MERCH | Recommended_デジタルコンテンツ | Talent_儒烏風亭らでん | デジタルコンテンツ | 受注生産商品
2025-01-28T17:14:20+09:00,その他,儒烏風亭らでん きのこダンスグッズ,juufuuteiraden_mushroomdancemerch,https://shop.hololivepro.com/products/juufuuteiraden_mushroomdancemerch,Juufuutei Raden,,4,1650,7480,Generation_ReGLOSS | Group_hololiveDEV_IS | Recommended_MERCH | Talent_儒烏風亭らでん | 受注生産商品
2025-01-31T09:31:39+09:00,誕生日記念,ジュラルド・ティー・レクスフォード 誕生日記念2025,jurardtrexford_bd2025,https://shop.hololivepro.com/products/jurardtrexford_bd2025,Jurard T Rexford,,7,0,15510,Generation_ARMIS | Group_ホロスターズEnglish | Recommended_MERCH | Recommended_デジタルコンテンツ | Talent_ジュラルド・ティー・レクスフォード | デジタルコンテンツ | 受注生産商品
2025-01-31T09:56:21+09:00,LIVE/イベント物販,白上フブキ1stソロライブ FBKINGDOM “ANTHEM”ライブグッズ 2次販売,shirakamifubuki_1stlive_2nd,https://shop.hololivepro.com/products/shirakamifubuki_1stlive_2nd,Shirakami Fubuki,,10,500,13400,Generation_ホロライブ1期生 | Generation_ホロライブゲーマーズ | Group_ホロライブ | Recommended_MERCH | ShirakamiFubuki_1stlive | Talent_白上フブキ | 受注生産商品
2025-02-04T10:44:09+09:00,誕生日記念,癒月ちょこ 誕生日記念2025,yuzukichoco_bd2025,https://shop.hololivepro.com/products/yuzukichoco_bd2025,Yuzuki Choco,,6,2750,20900,Generation_ホロライブ2期生 | Group_ホロライブ | Recommended_MERCH | Recommended_デジタルコンテンツ | Talent_癒月ちょこ | デジタルコンテンツ | 受注生産商品
2025-02-04T16:21:16+09:00,ボイス,雪花ラミィ「癒しの雪見宿」ASMRボイス,yukihanalamy_asmr_comfysnowwatchinginn,https://shop.hololivepro.com/products/yukihanalamy_asmr_comfysnowwatchinginn,Yukihana Lamy,,4,1000,6000,Generation_ホロライブ5期生 | Group_ホロライブ | Recommended_デジタルコンテンツ | Talent_雪花ラミィ | デジタルのみ | デジタルコンテンツ
2025-02-06T09:24:46+09:00,カード/書籍,hololive OFFICIAL CARD GAME スタートデッキ「白 轟はじめ」,hololiveofficialcardgame_hsd05,https://shop.hololivepro.com/products/hololiveofficialcardgame_hsd05,hololive production official shop,,1,990,990,_ng_with_normal_group:hcg2409 | addons:shipment:ignore_order | hololiveofficialcardgame | Recommended_MERCH
2025-02-06T10:27:00+09:00,カード/書籍,hololive OFFICIAL CARD GAME スタートデッキ「緑 風真いろは」,hololiveofficialcardgame_hsd06,https://shop.hololivepro.com/products/hololiveofficialcardgame_hsd06,hololive production official shop,,1,990,990,_ng_with_normal_group:hcg2409 | addons:shipment:ignore_order | hololiveofficialcardgame | Recommended_MERCH
2025-02-06T10:55:03+09:00,カード/書籍,hololive OFFICIAL CARD GAME スタートデッキ「黄 不知火フレア」,hololiveofficialcardgame_hsd07,https://shop.hololivepro.com/products/hololiveofficialcardgame_hsd07,hololive production official shop,,2,990,990,_ng_with_normal_group:hcg2409 | addons:shipment:ignore_order | hololiveofficialcardgame | Recommended_MERCH
2025-02-06T11:55:45+09:00,カード/書籍,hololive OFFICIAL CARD GAME オフィシャルホロカスリーブvol.4〜vol.8,hololiveofficialcardgame_cardsleeve_vol4-8,https://shop.hololivepro.com/products/hololiveofficialcardgame_cardsleeve_vol4-8,hololive production official shop,,5,990,990,_ng_with_normal_group:hcg2409 | addons:shipment:ignore_order | hololiveofficialcardgame | Recommended_MERCH
2025-02-07T09:34:27+09:00,その他,百鬼あやめ あやめのバレンタイングッズ,nakiriayame_ayamesvalentinemerch,https://shop.hololivepro.com/products/nakiriayame_ayamesvalentinemerch,Nakiri Ayame,,6,550,9350,Generation_ホロライブ2期生 | Group_ホロライブ | Recommended_MERCH | Recommended_デジタルコンテンツ | Talent_百鬼あやめ | デジタルコンテンツ | 受注生産商品
2025-02-07T10:58:04+09:00,誕生日記念,ムーナ・ホシノヴァ 誕生日記念2025,moonahoshinova_bd2025,https://shop.hololivepro.com/products/moonahoshinova_bd2025,Moona Hoshinova,,8,660,16830,Generation_ホロライブインドネシア1期生 | Group_ホロライブインドネシア | Recommended_MERCH | Recommended_デジタルコンテンツ | Talent_ムーナ・ホシノヴァ | デジタルコンテンツ | 受注生産商品
2025-02-10T09:32:29+09:00,ボイス,ホロスターズEnglish「オー、マイ ペット Needy Kitty」ASMRボイス,holostarsen_asmrvoice_ohmypet_needykitty,https://shop.hololivepro.com/products/holostarsen_asmrvoice_ohmypet_needykitty,HOLOSTARS English,,4,2750,8250,Generation_ARMIS | Generation_TEMPUS | Group_ホロスターズEnglish | Recommended_デジタルコンテンツ | Talent_クリムゾン・ルーズ | Talent_マキナ・X・フレオン | Talent_定水寺シンリ | デジタルのみ | デジタルコンテンツ
2025-02-10T17:40:01+09:00,その他,Moona Hoshinova 1st Album『PANDORA』,moonahoshinova_1stal_pandora,https://shop.hololivepro.com/products/moonahoshinova_1stal_pandora,Moona Hoshinova,,2,3300,7700,_ng_with_normal_group:MoonaHoshinova1stAlbum | CD | Generation_ホロライブインドネシア1期生 | Group_ホロライブインドネシア | Recommended_MERCH | Talent_ムーナ・ホシノヴァ | 受注生産商品
2025-02-12T13:19:51+09:00,誕生日記念,アキ・ローゼンタール 誕生日記念2025,akirosenthal_bd2025,https://shop.hololivepro.com/products/akirosenthal_bd2025,Aki Rosenthal,,7,2750,18700,Generation_ホロライブ1期生 | Group_ホロライブ | Recommended_MERCH | Recommended_デジタルコンテンツ | Talent_アキ・ローゼンタール | デジタルコンテンツ | 受注生産商品
2025-02-12T13:55:56+09:00,その他,-Art Selection- 猫又おかゆ,artselection_nekomataokayu,https://shop.hololivepro.com/products/artselection_nekomataokayu,Nekomata Okayu,,3,550,5500,artselection | Generation_ホロライブゲーマーズ | Group_ホロライブ | Recommended_MERCH | Talent_猫又おかゆ
2025-02-12T14:16:21+09:00,その他,-Art Selection- 戌神ころね,artselection_inugamikorone,https://shop.hololivepro.com/products/artselection_inugamikorone,Inugami Korone,,3,550,5500,artselection | Generation_ホロライブゲーマーズ | Group_ホロライブ | Recommended_MERCH | Talent_戌神ころね
2025-02-13T10:03:29+09:00,ボイス,ホロライブ 日常ささやき「寝かしつけてくれる」ボイス,hololive_asmr_puttingyoutosleep,https://shop.hololivepro.com/products/hololive_asmr_puttingyoutosleep,hololive production official shop,,17,1000,16000,Generation_FLOWGLOW | Generation_ReGLOSS | Generation_ホロライブ0期生 | Generation_ホロライブ1期生 | Generation_ホロライブ2期生 | Generation_ホロライブ3期生 | Generation_ホロライブ5期生 | Generation_秘密結社holoX | Group_hololiveDEV_IS | Group_ホロライブ | Recommended_デジタルコンテンツ | Talent_AZKi | Talent_ロボ子さん | Talent_一条莉々華 | Talent_儒烏風亭らでん | Talent_博衣こより | Talent_夏色まつり | Talent_宝鐘マリン | Talent_尾丸ポルカ | Talent_水宮枢 | Talent_白銀ノエル | Talent_百鬼あやめ | Talent_綺々羅々ヴィヴィ | Talent_虎金妃笑虎 | Talent_輪堂千速 | Talent_雪花ラミィ | Talent_響咲リオナ | デジタルのみ | デジタルコンテンツ
2025-02-14T11:15:17+09:00,LIVE/イベント物販,"Mori Calliope 2nd Concert ""Grimoire""ライブグッズ 2次販売",moricalliope_2ndconcert_2nd,https://shop.hololivepro.com/products/moricalliope_2ndconcert_2nd,Mori Calliope,,11,1760,11500,Generation_hololiveEnglish-Myth- | Group_ホロライブEnglish | moricalliope_2ndconcert | Recommended_MERCH | Talent_森カリオペ
2025-02-14T12:54:25+09:00,ボイス,ホロスターズEnglish「オー、マイ ペット Untitled Beast」ASMRボイス,holostarsen_asmrvoice_ohmypet_untitledbeast,https://shop.hololivepro.com/products/holostarsen_asmrvoice_ohmypet_untitledbeast,HOLOSTARS English,,4,2750,8250,Generation_ARMIS | Generation_TEMPUS | Group_ホロスターズEnglish | Recommended_デジタルコンテンツ | Talent_ガビス・ベッテル | Talent_ジュラルド・ティー・レクスフォード | Talent_万象院ハッカ | デジタルのみ | デジタルコンテンツ
2025-02-14T15:24:30+09:00,誕生日記念,猫又おかゆ 誕生日記念2025,nekomataokayu_bd2025,https://shop.hololivepro.com/products/nekomataokayu_bd2025,Nekomata Okayu,,6,0,20350,Generation_ホロライブゲーマーズ | Group_ホロライブ | Recommended_MERCH | Talent_猫又おかゆ | 受注生産商品
2025-02-18T11:27:51+09:00,その他,猫又おかゆ 2nd Album 『ぺるそにゃ～りすぺくと』数量限定盤,nekomataokayu_2ndal_personyarespect_limited,https://shop.hololivepro.com/products/nekomataokayu_2ndal_personyarespect_limited,Nekomata Okayu,,1,9900,9900,_ng_with_normal_group:NekomataOkayu2ndAlbum | CD | Generation_ホロライブゲーマーズ | Group_ホロライブ | nekomataokayu_2ndalbum | Recommended_MERCH | Talent_猫又おかゆ
2025-02-18T13:44:54+09:00,その他,ベスティア・ゼータ 猫の日2025,vestiazeta_catday,https://shop.hololivepro.com/products/vestiazeta_catday,Vestia Zeta,,7,1320,13420,Generation_ホロライブインドネシア3期生 | Group_ホロライブインドネシア | Recommended_MERCH | Recommended_デジタルコンテンツ | Talent_ベスティア・ゼータ | デジタルコンテンツ | 受注生産商品
2025-02-18T15:47:39+09:00,その他,猫又おかゆ 2nd Album 『ぺるそにゃ～りすぺくと』通常盤,nekomataokayu_2ndal_personyarespect_regular,https://shop.hololivepro.com/products/nekomataokayu_2ndal_personyarespect_regular,Nekomata Okayu,,1,3300,3300,CD | Generation_ホロライブゲーマーズ | Group_ホロライブ | nekomataokayu_2ndalbum | Recommended_MERCH | Talent_猫又おかゆ
2025-02-18T16:59:12+09:00,その他,hololive Magazine Series -Spotlight- vol.2,hololivemagazine_spotlight_vol2,https://shop.hololivepro.com/products/hololivemagazine_spotlight_vol2,hololive production official shop,,8,550,3850,Generation_ホロライブ3期生 | Generation_ホロライブ5期生 | Group_ホロライブ | hololive_magazine_spotlight | Recommended_MERCH | Talent_兎田ぺこら | Talent_尾丸ポルカ
2025-02-18T17:44:23+09:00,誕生日記念,影山シエン 誕生日記念2025,kageyamashien_bd2025,https://shop.hololivepro.com/products/kageyamashien_bd2025,Kageyama Shien,,6,495,10890,Generation_ホロスターズ3期生 | Group_ホロスターズ | Recommended_MERCH | Recommended_デジタルコンテンツ | Talent_影山シエン | デジタルコンテンツ | 受注生産商品
2025-02-19T10:30:17+09:00,ボイス,火威青「王子様の執着が止まらない」ASMRボイス,hiodoshiao_asmr_250226_kari,https://shop.hololivepro.com/products/hiodoshiao_asmr_250226_kari,Hiodoshi Ao,,1,2500,2500,ASMR2502 | Generation_ReGLOSS | Group_hololiveDEV_IS | Recommended_デジタルコンテンツ | Talent_火威青 | デジタルのみ | デジタルコンテンツ
2025-02-19T10:45:52+09:00,ボイス,角巻わため「ふわふわ羊の寝かしつけ」ASMRボイス,tsunomakiwatame_asmr_250226_kari,https://shop.hololivepro.com/products/tsunomakiwatame_asmr_250226_kari,Tsunomaki Watame,,1,2500,2500,ASMR2502 | Generation_ホロライブ4期生 | Group_ホロライブ | Recommended_デジタルコンテンツ | Talent_角巻わため | デジタルのみ | デジタルコンテンツ
2025-02-19T11:49:38+09:00,ボイス,兎田ぺこら「うさぎ喫茶で癒しの午後」ASMRボイス,usadapekora_asmr_250226_kari,https://shop.hololivepro.com/products/usadapekora_asmr_250226_kari,Usada Pekora,,1,2500,2500,ASMR2502 | Generation_ホロライブ3期生 | Group_ホロライブ | Recommended_デジタルコンテンツ | Talent_兎田ぺこら | デジタルのみ | デジタルコンテンツ
2025-02-19T12:04:10+09:00,ボイス,アイラニ・イオフィフティーン「キミが最初のお客さま～今日から耳マッサージ店で働きます～」ASMRボイス,airaniiofifteen_asmr_250226_kari,https://shop.hololivepro.com/products/airaniiofifteen_asmr_250226_kari,Airani Iofifteen,,1,2500,2500,ASMR2502 | Generation_ホロライブインドネシア1期生 | Group_ホロライブインドネシア | Recommended_デジタルコンテンツ | Talent_アイラニ・イオフィフティーン | デジタルのみ | デジタルコンテンツ
2025-02-21T10:00:16+09:00,ボイス,ホロスターズEnglish「オー、マイ ペット Fluffy Puppy」ASMRボイス,holostarsen_asmrvoice_ohmypet_fluffypuppy,https://shop.hololivepro.com/products/holostarsen_asmrvoice_ohmypet_fluffypuppy,HOLOSTARS English,,4,2750,8250,Generation_ARMIS | Generation_TEMPUS | Group_ホロスターズEnglish | Recommended_デジタルコンテンツ | Talent_アクセル・シリオス | Talent_オクタビオ | Talent_ゴールドブレット | デジタルのみ | デジタルコンテンツ
2025-02-21T22:10:34+09:00,誕生日記念,火威青 誕生日記念2025,hiodoshiao_bd2025,https://shop.hololivepro.com/products/hiodoshiao_bd2025,Hiodoshi Ao,,7,1100,13750,Generation_ReGLOSS | Group_hololiveDEV_IS | Recommended_MERCH | Recommended_デジタルコンテンツ | Talent_火威青 | デジタルコンテンツ | 受注生産商品
2025-02-24T23:24:22+09:00,誕生日記念,ハコス・ベールズ 誕生日記念2025,hakosbaelz_bd2025,https://shop.hololivepro.com/products/hakosbaelz_bd2025,Hakos Baelz,,5,4400,21450,Generation_hololiveEnglish-Council- | Generation_hololiveEnglish-Promise- | Group_ホロライブEnglish | Recommended_MERCH | Talent_ハコス・ベールズ | 受注生産商品
2025-02-24T23:53:36+09:00,その他,水無世燐央 新衣装記念2025,minaserio_no2025,https://shop.hololivepro.com/products/minaserio_no2025,Minase Rio,,6,550,10230,Generation_UPROAR‼︎ | Group_ホロスターズ | Recommended_MERCH | Recommended_デジタルコンテンツ | Talent_水無世燐央 | デジタルコンテンツ | 受注生産商品
2025-02-25T00:32:35+09:00,その他,Lovely Okaburi Mascot Series vol.1,lovelyokaburimascot_vol1,https://shop.hololivepro.com/products/lovelyokaburimascot_vol1,hololive production official shop,,24,550,9900,Generation_ホロライブ0期生 | Generation_ホロライブ2期生 | Generation_ホロライブ3期生 | Group_ホロライブ | LovelyOkaburi | Recommended_MERCH | Talent_AZKi | Talent_兎田ぺこら | Talent_紫咲シオン
2025-02-25T07:59:30+09:00,シリーズ/アパレル,hololive Seasonal Days スイートスプリングイースター,hsd_sweetspringeaster,https://shop.hololivepro.com/products/hsd_sweetspringeaster,hololive production official shop,,22,550,5500,Generation_ReGLOSS | Generation_ホロライブ2期生 | Generation_ホロライブ3期生 | Generation_ホロライブ4期生 | Group_hololiveDEV_IS | Group_ホロライブ | hololive_seasonaldays | Recommended_MERCH | Talent_兎田ぺこら | Talent_姫森ルーナ | Talent_紫咲シオン | Talent_角巻わため | Talent_轟はじめ
2025-02-25T08:50:36+09:00,シリーズ/アパレル,ホロライブEnglish Spring Party!,hololiveen_springparty,https://shop.hololivepro.com/products/hololiveen_springparty,hololive English,,26,385,4400,Generation_hololiveEnglish-Advent- | Generation_hololiveEnglish-Council- | Generation_hololiveEnglish-Justice- | Generation_hololiveEnglish-Myth- | Generation_hololiveEnglish-Promise- | Group_ホロライブEnglish | Recommended_MERCH | Talent_IRyS | Talent_ジジ・ムリン | Talent_セシリア・イマーグリーン | Talent_ハコス・ベールズ | Talent_フワワ・アビスガード | Talent_モココ・アビスガード | Talent_一伊那尓栖 | Talent_小鳥遊キアラ
2025-02-25T10:47:39+09:00,誕生日記念,花咲みやび 誕生日記念2025,hanasakimiyabi_bd2025,https://shop.hololivepro.com/products/hanasakimiyabi_bd2025,Hanasaki Miyabi,,6,495,10450,Generation_ホロスターズ1期生 | Group_ホロスターズ | Recommended_MERCH | Recommended_デジタルコンテンツ | Talent_花咲みやび | デジタルコンテンツ | 受注生産商品
2025-02-25T23:27:14+09:00,周年/記念,ロボ子さん 活動7周年記念,robocosan_an7th,https://shop.hololivepro.com/products/robocosan_an7th,Robocosan,,6,1100,16500,Generation_ホロライブ0期生 | Group_ホロライブ | Recommended_MERCH | Recommended_デジタルコンテンツ | Talent_ロボ子さん | デジタルコンテンツ | 受注生産商品
2025-02-26T00:00:48+09:00,ボイス,ホロスターズ ホワイトデーボイス2025,holostars_whitedayvoice2025,https://shop.hololivepro.com/products/holostars_whitedayvoice2025,HOLOSTARS,,13,770,9240,Generation_UPROAR‼︎ | Generation_ホロスターズ1期生 | Generation_ホロスターズ2期生 | Generation_ホロスターズ3期生 | Group_ホロスターズ | Recommended_デジタルコンテンツ | Talent_アステル・レダ | Talent_アルランディス | Talent_夕刻ロベル | Talent_夜十神封魔 | Talent_奏手イヅル | Talent_岸堂天真 | Talent_影山シエン | Talent_律可 | Talent_水無世燐央 | Talent_羽継烏有 | Talent_花咲みやび | Talent_荒咬オウガ | デジタルのみ | デジタルコンテンツ
2025-02-26T00:36:35+09:00,ボイス,ホロライブ ガチ録！？ ホロ刑事24時ボイス,hololive_holodetective,https://shop.hololivepro.com/products/hololive_holodetective,hololive production official shop,,56,1000,18000,Generation_FLOWGLOW | Generation_hololiveEnglish-Advent- | Generation_hololiveEnglish-Council- | Generation_hololiveEnglish-Justice- | Generation_hololiveEnglish-Myth- | Generation_hololiveEnglish-Promise- | Generation_ReGLOSS | Generation_ホロライブ0期生 | Generation_ホロライブ1期生 | Generation_ホロライブ2期生 | Generation_ホロライブ3期生 | Generation_ホロライブ4期生 | Generation_ホロライブ5期生 | Generation_ホロライブインドネシア1期生 | Generation_ホロライブインドネシア2期生 | Generation_ホロライブインドネシア3期生 | Generation_秘密結社holoX | Group_hololiveDEV_IS | Group_ホロライブ | Group_ホロライブEnglish | Group_ホロライブインドネシア | Recommended_デジタルコンテンツ | Talent_アイラニ・イオフィフティーン | Talent_アキ・ローゼンタール | Talent_アユンダ・リス | Talent_エリザベス・ローズ・ブラッドフレイム | Talent_オーロ・クロニー | Talent_カエラ・コヴァルスキア | Talent_クレイジー・オリー | Talent_シオリ・ノヴェラ | Talent_ジジ・ムリン | Talent_セシリア・イマーグリーン | Talent_ネリッサ・レイヴンクロフト | Talent_ハコス・ベールズ | Talent_フワワ・アビスガード | Talent_ベスティア・ゼータ | Talent_モココ・アビスガード | Talent_ラオーラ・パンテーラ | Talent_ロボ子さん | Talent_一条莉々華 | Talent_博衣こより | Talent_古石ビジュー | Talent_夏色まつり | Talent_天音かなた | Talent_尾丸ポルカ | Talent_森カリオペ | Talent_水宮枢 | Talent_火威青 | Talent_獅白ぼたん | Talent_癒月ちょこ | Talent_白銀ノエル | Talent_綺々羅々ヴィヴィ | Talent_虎金妃笑虎 | Talent_輪堂千速 | Talent_轟はじめ | Talent_雪花ラミィ | Talent_響咲リオナ | デジタルのみ | デジタルコンテンツ
2025-02-26T08:43:52+09:00,その他,大空スバル 1st Album『Pleiades』,oozorasubaru_1stal_pleiades,https://shop.hololivepro.com/products/oozorasubaru_1stal_pleiades,Oozora Subaru,,1,5280,5280,CD | Generation_ホロライブ2期生 | Group_ホロライブ | Recommended_MERCH | Talent_大空スバル | 受注生産商品
2025-02-26T09:05:37+09:00,その他,ホロライブ nanoblock 鷹嶺ルイ,hololive_nanoblock_takanelui,https://shop.hololivepro.com/products/hololive_nanoblock_takanelui,Takane Lui,,1,2200,2200,Generation_秘密結社holoX | Group_ホロライブ | nanoblock | Recommended_MERCH | Talent_鷹嶺ルイ | 日本以外配送禁止
2025-02-26T09:06:06+09:00,その他,ホロライブ nanoblock 博衣こより,hololive_nanoblock_hakuikoyori,https://shop.hololivepro.com/products/hololive_nanoblock_hakuikoyori,Hakui Koyori,,1,2200,2200,Generation_秘密結社holoX | Group_ホロライブ | nanoblock | Recommended_MERCH | Talent_博衣こより | 日本以外配送禁止
2025-02-26T09:06:35+09:00,その他,ホロライブ nanoblock 風真いろは,hololive_nanoblock_kazamairoha,https://shop.hololivepro.com/products/hololive_nanoblock_kazamairoha,Kazama Iroha,,1,2200,2200,Generation_秘密結社holoX | Group_ホロライブ | nanoblock | Recommended_MERCH | Talent_風真いろは | 日本以外配送禁止
2025-02-26T15:43:02+09:00,周年/記念,大空スバル 活動6周年記念,oozorasubaru_an6th,https://shop.hololivepro.com/products/oozorasubaru_an6th,Oozora Subaru,,5,1100,12210,Generation_ホロライブ2期生 | Group_ホロライブ | Recommended_MERCH | Talent_大空スバル | 受注生産商品
2025-02-26T16:09:05+09:00,誕生日記念,さくらみこ 誕生日記念2025,sakuramiko_bd2025,https://shop.hololivepro.com/products/sakuramiko_bd2025,Sakura Miko,,6,2750,15510,Generation_ホロライブ0期生 | Group_ホロライブ | Recommended_MERCH | Talent_さくらみこ
2025-02-28T14:54:20+09:00,LIVE/イベント物販,hololive 6th fes. Color Rise Harmony ライブグッズ,hololive_6thfes_merch,https://shop.hololivepro.com/products/hololive_6thfes_merch,hololive production official shop,,27,350,4950,Generation_hololiveEnglish-Advent- | Generation_hololiveEnglish-Council- | Generation_hololiveEnglish-Myth- | Generation_hololiveEnglish-Promise- | Generation_ReGLOSS | Generation_ホロライブ0期生 | Generation_ホロライブ1期生 | Generation_ホロライブ2期生 | Generation_ホロライブ3期生 | Generation_ホロライブ4期生 | Generation_ホロライブ5期生 | Generation_ホロライブインドネシア1期生 | Generation_ホロライブインドネシア2期生 | Generation_ホロライブインドネシア3期生 | Generation_ホロライブゲーマーズ | Generation_秘密結社holoX | Group_hololiveDEV_IS | Group_ホロライブ | Group_ホロライブEnglish | Group_ホロライブインドネシア | hololive_superexpo2025_postsales | Recommended_MERCH | Talent_AZKi | Talent_IRyS | Talent_がうる・ぐら | Talent_こぼ・かなえる | Talent_さくらみこ | Talent_ときのそら | Talent_アイラニ・イオフィフティーン | Talent_アキ・ローゼンタール | Talent_アユンダ・リス | Talent_アーニャ・メルフィッサ | Talent_オーロ・クロニー | Talent_カエラ・コヴァルスキア | Talent_クレイジー・オリー | Talent_シオリ・ノヴェラ | Talent_ネリッサ・レイヴンクロフト | Talent_ハコス・ベールズ | Talent_パヴォリア・レイネ | Talent_フワワ・アビスガード | Talent_ベスティア・ゼータ | Talent_ムーナ・ホシノヴァ | Talent_モココ・アビスガード | Talent_ラプラス・ダークネス | Talent_ロボ子さん | Talent_一伊那尓栖 | Talent_一条莉々華 | Talent_七詩ムメイ | Talent_不知火フレア | Talent_儒烏風亭らでん | Talent_兎田ぺこら | Talent_博衣こより | Talent_古石ビジュー | Talent_夏色まつり | Talent_大神ミオ | Talent_大空スバル | Talent_天音かなた | Talent_姫森ルーナ | Talent_宝鐘マリン | Talent_小鳥遊キアラ | Talent_尾丸ポルカ | Talent_常闇トワ | Talent_戌神ころね | Talent_星街すいせい | Talent_桃鈴ねね | Talent_森カリオペ | Talent_火威青 | Talent_猫又おかゆ | Talent_獅白ぼたん | Talent_癒月ちょこ | Talent_白上フブキ | Talent_白銀ノエル | Talent_百鬼あやめ | Talent_紫咲シオン | Talent_角巻わため | Talent_赤井はあと | Talent_轟はじめ | Talent_雪花ラミィ | Talent_音乃瀬奏 | Talent_風真いろは | Talent_鷹嶺ルイ | 受注生産商品
2025-02-28T17:40:48+09:00,その他,パヴォリア・レイネ メラッキャツの日2025,pavoliareine_dayofmerakyats2025,https://shop.hololivepro.com/products/pavoliareine_dayofmerakyats2025,Pavolia Reine,,6,880,14080,Generation_ホロライブインドネシア2期生 | Group_ホロライブインドネシア | Recommended_MERCH | Recommended_デジタルコンテンツ | Talent_パヴォリア・レイネ | 受注生産商品
2025-02-28T18:36:31+09:00,LIVE/イベント物販,hololive 6th fes. Color Rise Harmony アクリルスタンド,hololive_6thfes_acrylicstand,https://shop.hololivepro.com/products/hololive_6thfes_acrylicstand,hololive production official shop,,59,1850,1850,Generation_hololiveEnglish-Advent- | Generation_hololiveEnglish-Council- | Generation_hololiveEnglish-Myth- | Generation_hololiveEnglish-Promise- | Generation_ReGLOSS | Generation_ホロライブ0期生 | Generation_ホロライブ1期生 | Generation_ホロライブ2期生 | Generation_ホロライブ3期生 | Generation_ホロライブ4期生 | Generation_ホロライブ5期生 | Generation_ホロライブインドネシア1期生 | Generation_ホロライブインドネシア2期生 | Generation_ホロライブインドネシア3期生 | Generation_ホロライブゲーマーズ | Generation_秘密結社holoX | Group_hololiveDEV_IS | Group_ホロライブ | Group_ホロライブEnglish | Group_ホロライブインドネシア | hololive_superexpo2025_postsales | Recommended_MERCH | Talent_AZKi | Talent_IRyS | Talent_がうる・ぐら | Talent_こぼ・かなえる | Talent_さくらみこ | Talent_ときのそら | Talent_アイラニ・イオフィフティーン | Talent_アキ・ローゼンタール | Talent_アユンダ・リス | Talent_アーニャ・メルフィッサ | Talent_オーロ・クロニー | Talent_カエラ・コヴァルスキア | Talent_クレイジー・オリー | Talent_シオリ・ノヴェラ | Talent_ネリッサ・レイヴンクロフト | Talent_ハコス・ベールズ | Talent_パヴォリア・レイネ | Talent_フワワ・アビスガード | Talent_ベスティア・ゼータ | Talent_ムーナ・ホシノヴァ | Talent_モココ・アビスガード | Talent_ラプラス・ダークネス | Talent_ロボ子さん | Talent_一伊那尓栖 | Talent_一条莉々華 | Talent_七詩ムメイ | Talent_不知火フレア | Talent_儒烏風亭らでん | Talent_兎田ぺこら | Talent_博衣こより | Talent_古石ビジュー | Talent_夏色まつり | Talent_大神ミオ | Talent_大空スバル | Talent_天音かなた | Talent_姫森ルーナ | Talent_宝鐘マリン | Talent_小鳥遊キアラ | Talent_尾丸ポルカ | Talent_常闇トワ | Talent_戌神ころね | Talent_星街すいせい | Talent_桃鈴ねね | Talent_森カリオペ | Talent_火威青 | Talent_猫又おかゆ | Talent_獅白ぼたん | Talent_癒月ちょこ | Talent_白上フブキ | Talent_白銀ノエル | Talent_百鬼あやめ | Talent_紫咲シオン | Talent_角巻わため | Talent_赤井はあと | Talent_轟はじめ | Talent_雪花ラミィ | Talent_音乃瀬奏 | Talent_風真いろは | Talent_鷹嶺ルイ | 受注生産商品
2025-03-03T09:39:38+09:00,LIVE/イベント物販,hololive SUPER EXPO 2025 ビッグ缶バッジ,hololive_superexpo2025_bigbuttonbadge,https://shop.hololivepro.com/products/hololive_superexpo2025_bigbuttonbadge,hololive production official shop,,90,660,660,Generation_ARMIS | Generation_FLOWGLOW | Generation_hololiveEnglish-Advent- | Generation_hololiveEnglish-Council- | Generation_hololiveEnglish-Justice- | Generation_hololiveEnglish-Myth- | Generation_hololiveEnglish-Promise- | Generation_ReGLOSS | Generation_TEMPUS | Generation_UPROAR‼︎ | Generation_ホロスターズ1期生 | Generation_ホロスターズ2期生 | Generation_ホロスターズ3期生 | Generation_ホロライブ0期生 | Generation_ホロライブ1期生 | Generation_ホロライブ2期生 | Generation_ホロライブ3期生 | Generation_ホロライブ4期生 | Generation_ホロライブ5期生 | Generation_ホロライブインドネシア1期生 | Generation_ホロライブインドネシア2期生 | Generation_ホロライブインドネシア3期生 | Generation_ホロライブゲーマーズ | Generation_秘密結社holoX | Group_hololiveDEV_IS | Group_ホロスターズ | Group_ホロスターズEnglish | Group_ホロライブ | Group_ホロライブEnglish | Group_ホロライブインドネシア | hololive_superexpo2025_postsales | Recommended_MERCH | Talent_AZKi | Talent_IRyS | Talent_がうる・ぐら | Talent_こぼ・かなえる | Talent_さくらみこ | Talent_ときのそら | Talent_アイラニ・イオフィフティーン | Talent_アキ・ローゼンタール | Talent_アクセル・シリオス | Talent_アステル・レダ | Talent_アユンダ・リス | Talent_アルランディス | Talent_アーニャ・メルフィッサ | Talent_エリザベス・ローズ・ブラッドフレイム | Talent_オクタビオ | Talent_オーロ・クロニー | Talent_カエラ・コヴァルスキア | Talent_ガビス・ベッテル | Talent_クリムゾン・ルーズ | Talent_クレイジー・オリー | Talent_ゴールドブレット | Talent_シオリ・ノヴェラ | Talent_ジジ・ムリン | Talent_ジュラルド・ティー・レクスフォード | Talent_セシリア・イマーグリーン | Talent_セレス・ファウナ | Talent_ネリッサ・レイヴンクロフト | Talent_ハコス・ベールズ | Talent_パヴォリア・レイネ | Talent_フワワ・アビスガード | Talent_ベスティア・ゼータ | Talent_マキナ・X・フレオン | Talent_ムーナ・ホシノヴァ | Talent_モココ・アビスガード | Talent_ラオーラ・パンテーラ | Talent_ラプラス・ダークネス | Talent_リージス・アルテア | Talent_ロボ子さん | Talent_ワトソン・アメリア | Talent_一伊那尓栖 | Talent_一条莉々華 | Talent_七詩ムメイ | Talent_万象院ハッカ | Talent_不知火フレア | Talent_儒烏風亭らでん | Talent_兎田ぺこら | Talent_博衣こより | Talent_古石ビジュー | Talent_夏色まつり | Talent_夕刻ロベル | Talent_夜十神封魔 | Talent_大神ミオ | Talent_大空スバル | Talent_天音かなた | Talent_奏手イヅル | Talent_姫森ルーナ | Talent_定水寺シンリ | Talent_宝鐘マリン | Talent_小鳥遊キアラ | Talent_尾丸ポルカ | Talent_岸堂天真 | Talent_常闇トワ | Talent_影山シエン | Talent_律可 | Talent_戌神ころね | Talent_星街すいせい | Talent_桃鈴ねね | Talent_森カリオペ | Talent_水宮枢 | Talent_水無世燐央 | Talent_火威青 | Talent_猫又おかゆ | Talent_獅白ぼたん | Talent_癒月ちょこ | Talent_白上フブキ | Talent_白銀ノエル | Talent_百鬼あやめ | Talent_紫咲シオン | Talent_綺々羅々ヴィヴィ | Talent_羽継烏有 | Talent_花咲みやび | Talent_荒咬オウガ | Talent_虎金妃笑虎 | Talent_角巻わため | Talent_赤井はあと | Talent_輪堂千速 | Talent_轟はじめ | Talent_雪花ラミィ | Talent_音乃瀬奏 | Talent_響咲リオナ | Talent_風真いろは | Talent_鷹嶺ルイ | 受注生産商品
2025-03-03T10:07:23+09:00,LIVE/イベント物販,hololive SUPER EXPO 2025 デスクライト,hololive_superexpo2025_desklight,https://shop.hololivepro.com/products/hololive_superexpo2025_desklight,hololive production official shop,,90,3080,3080,Generation_ARMIS | Generation_FLOWGLOW | Generation_hololiveEnglish-Advent- | Generation_hololiveEnglish-Council- | Generation_hololiveEnglish-Justice- | Generation_hololiveEnglish-Myth- | Generation_hololiveEnglish-Promise- | Generation_ReGLOSS | Generation_TEMPUS | Generation_UPROAR‼︎ | Generation_ホロスターズ1期生 | Generation_ホロスターズ2期生 | Generation_ホロスターズ3期生 | Generation_ホロライブ0期生 | Generation_ホロライブ1期生 | Generation_ホロライブ2期生 | Generation_ホロライブ3期生 | Generation_ホロライブ4期生 | Generation_ホロライブ5期生 | Generation_ホロライブインドネシア1期生 | Generation_ホロライブインドネシア2期生 | Generation_ホロライブインドネシア3期生 | Generation_ホロライブゲーマーズ | Generation_秘密結社holoX | Group_hololiveDEV_IS | Group_ホロスターズ | Group_ホロスターズEnglish | Group_ホロライブ | Group_ホロライブEnglish | Group_ホロライブインドネシア | hololive_superexpo2025_postsales | Recommended_MERCH | Talent_AZKi | Talent_IRyS | Talent_がうる・ぐら | Talent_こぼ・かなえる | Talent_さくらみこ | Talent_ときのそら | Talent_アイラニ・イオフィフティーン | Talent_アキ・ローゼンタール | Talent_アクセル・シリオス | Talent_アステル・レダ | Talent_アユンダ・リス | Talent_アルランディス | Talent_アーニャ・メルフィッサ | Talent_エリザベス・ローズ・ブラッドフレイム | Talent_オクタビオ | Talent_オーロ・クロニー | Talent_カエラ・コヴァルスキア | Talent_ガビス・ベッテル | Talent_クリムゾン・ルーズ | Talent_クレイジー・オリー | Talent_ゴールドブレット | Talent_シオリ・ノヴェラ | Talent_ジジ・ムリン | Talent_ジュラルド・ティー・レクスフォード | Talent_セシリア・イマーグリーン | Talent_セレス・ファウナ | Talent_ネリッサ・レイヴンクロフト | Talent_ハコス・ベールズ | Talent_パヴォリア・レイネ | Talent_フワワ・アビスガード | Talent_ベスティア・ゼータ | Talent_マキナ・X・フレオン | Talent_ムーナ・ホシノヴァ | Talent_モココ・アビスガード | Talent_ラオーラ・パンテーラ | Talent_ラプラス・ダークネス | Talent_リージス・アルテア | Talent_ロボ子さん | Talent_ワトソン・アメリア | Talent_一伊那尓栖 | Talent_一条莉々華 | Talent_七詩ムメイ | Talent_万象院ハッカ | Talent_不知火フレア | Talent_儒烏風亭らでん | Talent_兎田ぺこら | Talent_博衣こより | Talent_古石ビジュー | Talent_夏色まつり | Talent_夕刻ロベル | Talent_夜十神封魔 | Talent_大神ミオ | Talent_大空スバル | Talent_天音かなた | Talent_奏手イヅル | Talent_姫森ルーナ | Talent_定水寺シンリ | Talent_宝鐘マリン | Talent_小鳥遊キアラ | Talent_尾丸ポルカ | Talent_岸堂天真 | Talent_常闇トワ | Talent_影山シエン | Talent_律可 | Talent_戌神ころね | Talent_星街すいせい | Talent_桃鈴ねね | Talent_森カリオペ | Talent_水宮枢 | Talent_水無世燐央 | Talent_火威青 | Talent_猫又おかゆ | Talent_獅白ぼたん | Talent_癒月ちょこ | Talent_白上フブキ | Talent_白銀ノエル | Talent_百鬼あやめ | Talent_紫咲シオン | Talent_綺々羅々ヴィヴィ | Talent_羽継烏有 | Talent_花咲みやび | Talent_荒咬オウガ | Talent_虎金妃笑虎 | Talent_角巻わため | Talent_赤井はあと | Talent_輪堂千速 | Talent_轟はじめ | Talent_雪花ラミィ | Talent_音乃瀬奏 | Talent_響咲リオナ | Talent_風真いろは | Talent_鷹嶺ルイ | 受注生産商品
2025-03-03T10:36:16+09:00,LIVE/イベント物販,hololive SUPER EXPO 2025 アクリルスタンド,hololive_superexpo2025_acrylicstand,https://shop.hololivepro.com/products/hololive_superexpo2025_acrylicstand,hololive production official shop,,91,1760,2530,Generation_ARMIS | Generation_FLOWGLOW | Generation_hololiveEnglish-Advent- | Generation_hololiveEnglish-Council- | Generation_hololiveEnglish-Justice- | Generation_hololiveEnglish-Myth- | Generation_hololiveEnglish-Promise- | Generation_ReGLOSS | Generation_TEMPUS | Generation_UPROAR‼︎ | Generation_ホロスターズ1期生 | Generation_ホロスターズ2期生 | Generation_ホロスターズ3期生 | Generation_ホロライブ0期生 | Generation_ホロライブ1期生 | Generation_ホロライブ2期生 | Generation_ホロライブ3期生 | Generation_ホロライブ4期生 | Generation_ホロライブ5期生 | Generation_ホロライブインドネシア1期生 | Generation_ホロライブインドネシア2期生 | Generation_ホロライブインドネシア3期生 | Generation_ホロライブゲーマーズ | Generation_秘密結社holoX | Group_hololiveDEV_IS | Group_ホロスターズ | Group_ホロスターズEnglish | Group_ホロライブ | Group_ホロライブEnglish | Group_ホロライブインドネシア | hololive_superexpo2025_postsales | Recommended_MERCH | Talent_AZKi | Talent_IRyS | Talent_がうる・ぐら | Talent_こぼ・かなえる | Talent_さくらみこ | Talent_ときのそら | Talent_アイラニ・イオフィフティーン | Talent_アキ・ローゼンタール | Talent_アクセル・シリオス | Talent_アステル・レダ | Talent_アユンダ・リス | Talent_アルランディス | Talent_アーニャ・メルフィッサ | Talent_エリザベス・ローズ・ブラッドフレイム | Talent_オクタビオ | Talent_オーロ・クロニー | Talent_カエラ・コヴァルスキア | Talent_ガビス・ベッテル | Talent_クリムゾン・ルーズ | Talent_クレイジー・オリー | Talent_ゴールドブレット | Talent_シオリ・ノヴェラ | Talent_ジジ・ムリン | Talent_ジュラルド・ティー・レクスフォード | Talent_セシリア・イマーグリーン | Talent_セレス・ファウナ | Talent_ネリッサ・レイヴンクロフト | Talent_ハコス・ベールズ | Talent_パヴォリア・レイネ | Talent_フワワ・アビスガード | Talent_ベスティア・ゼータ | Talent_マキナ・X・フレオン | Talent_ムーナ・ホシノヴァ | Talent_モココ・アビスガード | Talent_ラオーラ・パンテーラ | Talent_ラプラス・ダークネス | Talent_リージス・アルテア | Talent_ロボ子さん | Talent_ワトソン・アメリア | Talent_一伊那尓栖 | Talent_一条莉々華 | Talent_七詩ムメイ | Talent_万象院ハッカ | Talent_不知火フレア | Talent_儒烏風亭らでん | Talent_兎田ぺこら | Talent_博衣こより | Talent_古石ビジュー | Talent_夏色まつり | Talent_夕刻ロベル | Talent_夜十神封魔 | Talent_大神ミオ | Talent_大空スバル | Talent_天音かなた | Talent_奏手イヅル | Talent_姫森ルーナ | Talent_定水寺シンリ | Talent_宝鐘マリン | Talent_小鳥遊キアラ | Talent_尾丸ポルカ | Talent_岸堂天真 | Talent_常闇トワ | Talent_影山シエン | Talent_律可 | Talent_戌神ころね | Talent_星街すいせい | Talent_桃鈴ねね | Talent_森カリオペ | Talent_水宮枢 | Talent_水無世燐央 | Talent_火威青 | Talent_猫又おかゆ | Talent_獅白ぼたん | Talent_癒月ちょこ | Talent_白上フブキ | Talent_白銀ノエル | Talent_百鬼あやめ | Talent_紫咲シオン | Talent_綺々羅々ヴィヴィ | Talent_羽継烏有 | Talent_花咲みやび | Talent_荒咬オウガ | Talent_虎金妃笑虎 | Talent_角巻わため | Talent_赤井はあと | Talent_輪堂千速 | Talent_轟はじめ | Talent_雪花ラミィ | Talent_音乃瀬奏 | Talent_響咲リオナ | Talent_風真いろは | Talent_鷹嶺ルイ | 受注生産商品
2025-03-03T11:50:50+09:00,LIVE/イベント物販,hololive SUPER EXPO 2025 イベントグッズ,hololive_superexpo2025_merch,https://shop.hololivepro.com/products/hololive_superexpo2025_merch,hololive production official shop,,65,350,4400,Generation_ARMIS | Generation_FLOWGLOW | Generation_hololiveEnglish-Advent- | Generation_hololiveEnglish-Council- | Generation_hololiveEnglish-Justice- | Generation_hololiveEnglish-Myth- | Generation_hololiveEnglish-Promise- | Generation_ReGLOSS | Generation_TEMPUS | Generation_UPROAR‼︎ | Generation_ホロスターズ1期生 | Generation_ホロスターズ2期生 | Generation_ホロスターズ3期生 | Generation_ホロライブ0期生 | Generation_ホロライブ1期生 | Generation_ホロライブ2期生 | Generation_ホロライブ3期生 | Generation_ホロライブ4期生 | Generation_ホロライブ5期生 | Generation_ホロライブインドネシア1期生 | Generation_ホロライブインドネシア2期生 | Generation_ホロライブインドネシア3期生 | Generation_ホロライブゲーマーズ | Generation_秘密結社holoX | Group_hololiveDEV_IS | Group_ホロスターズ | Group_ホロスターズEnglish | Group_ホロライブ | Group_ホロライブEnglish | Group_ホロライブインドネシア | hololive_superexpo2025_postsales | Recommended_MERCH | Talent_AZKi | Talent_IRyS | Talent_がうる・ぐら | Talent_こぼ・かなえる | Talent_さくらみこ | Talent_ときのそら | Talent_アイラニ・イオフィフティーン | Talent_アキ・ローゼンタール | Talent_アクセル・シリオス | Talent_アステル・レダ | Talent_アユンダ・リス | Talent_アルランディス | Talent_アーニャ・メルフィッサ | Talent_エリザベス・ローズ・ブラッドフレイム | Talent_オクタビオ | Talent_オーロ・クロニー | Talent_カエラ・コヴァルスキア | Talent_ガビス・ベッテル | Talent_クリムゾン・ルーズ | Talent_クレイジー・オリー | Talent_ゴールドブレット | Talent_シオリ・ノヴェラ | Talent_ジジ・ムリン | Talent_ジュラルド・ティー・レクスフォード | Talent_セシリア・イマーグリーン | Talent_セレス・ファウナ | Talent_ネリッサ・レイヴンクロフト | Talent_ハコス・ベールズ | Talent_パヴォリア・レイネ | Talent_フワワ・アビスガード | Talent_ベスティア・ゼータ | Talent_マキナ・X・フレオン | Talent_ムーナ・ホシノヴァ | Talent_モココ・アビスガード | Talent_ラオーラ・パンテーラ | Talent_ラプラス・ダークネス | Talent_リージス・アルテア | Talent_ロボ子さん | Talent_ワトソン・アメリア | Talent_一伊那尓栖 | Talent_一条莉々華 | Talent_七詩ムメイ | Talent_万象院ハッカ | Talent_不知火フレア | Talent_儒烏風亭らでん | Talent_兎田ぺこら | Talent_博衣こより | Talent_古石ビジュー | Talent_夏色まつり | Talent_夕刻ロベル | Talent_夜十神封魔 | Talent_大神ミオ | Talent_大空スバル | Talent_天音かなた | Talent_奏手イヅル | Talent_姫森ルーナ | Talent_定水寺シンリ | Talent_宝鐘マリン | Talent_小鳥遊キアラ | Talent_尾丸ポルカ | Talent_岸堂天真 | Talent_常闇トワ | Talent_影山シエン | Talent_律可 | Talent_戌神ころね | Talent_星街すいせい | Talent_桃鈴ねね | Talent_森カリオペ | Talent_水宮枢 | Talent_水無世燐央 | Talent_火威青 | Talent_猫又おかゆ | Talent_獅白ぼたん | Talent_癒月ちょこ | Talent_白上フブキ | Talent_白銀ノエル | Talent_百鬼あやめ | Talent_紫咲シオン | Talent_綺々羅々ヴィヴィ | Talent_羽継烏有 | Talent_花咲みやび | Talent_荒咬オウガ | Talent_虎金妃笑虎 | Talent_角巻わため | Talent_赤井はあと | Talent_輪堂千速 | Talent_轟はじめ | Talent_雪花ラミィ | Talent_音乃瀬奏 | Talent_響咲リオナ | Talent_風真いろは | Talent_鷹嶺ルイ
2025-03-03T12:43:44+09:00,LIVE/イベント物販,hololive SUPER EXPO 2025 デコパーカー&デコセット,hololive_superexpo2025_personalizedset,https://shop.hololivepro.com/products/hololive_superexpo2025_personalizedset,hololive production official shop,,91,1400,13200,Generation_ARMIS | Generation_FLOWGLOW | Generation_hololiveEnglish-Advent- | Generation_hololiveEnglish-Council- | Generation_hololiveEnglish-Justice- | Generation_hololiveEnglish-Myth- | Generation_hololiveEnglish-Promise- | Generation_ReGLOSS | Generation_TEMPUS | Generation_UPROAR‼︎ | Generation_ホロスターズ1期生 | Generation_ホロスターズ2期生 | Generation_ホロスターズ3期生 | Generation_ホロライブ0期生 | Generation_ホロライブ1期生 | Generation_ホロライブ2期生 | Generation_ホロライブ3期生 | Generation_ホロライブ4期生 | Generation_ホロライブ5期生 | Generation_ホロライブインドネシア1期生 | Generation_ホロライブインドネシア2期生 | Generation_ホロライブインドネシア3期生 | Generation_ホロライブゲーマーズ | Generation_秘密結社holoX | Group_hololiveDEV_IS | Group_ホロスターズ | Group_ホロスターズEnglish | Group_ホロライブ | Group_ホロライブEnglish | Group_ホロライブインドネシア | hololive_superexpo2025_postsales | Recommended_MERCH | Talent_AZKi | Talent_IRyS | Talent_がうる・ぐら | Talent_こぼ・かなえる | Talent_さくらみこ | Talent_ときのそら | Talent_アイラニ・イオフィフティーン | Talent_アキ・ローゼンタール | Talent_アクセル・シリオス | Talent_アステル・レダ | Talent_アユンダ・リス | Talent_アルランディス | Talent_アーニャ・メルフィッサ | Talent_エリザベス・ローズ・ブラッドフレイム | Talent_オクタビオ | Talent_オーロ・クロニー | Talent_カエラ・コヴァルスキア | Talent_ガビス・ベッテル | Talent_クリムゾン・ルーズ | Talent_クレイジー・オリー | Talent_ゴールドブレット | Talent_シオリ・ノヴェラ | Talent_ジジ・ムリン | Talent_ジュラルド・ティー・レクスフォード | Talent_セシリア・イマーグリーン | Talent_セレス・ファウナ | Talent_ネリッサ・レイヴンクロフト | Talent_ハコス・ベールズ | Talent_パヴォリア・レイネ | Talent_フワワ・アビスガード | Talent_ベスティア・ゼータ | Talent_マキナ・X・フレオン | Talent_ムーナ・ホシノヴァ | Talent_モココ・アビスガード | Talent_ラオーラ・パンテーラ | Talent_ラプラス・ダークネス | Talent_リージス・アルテア | Talent_ロボ子さん | Talent_ワトソン・アメリア | Talent_一伊那尓栖 | Talent_一条莉々華 | Talent_七詩ムメイ | Talent_万象院ハッカ | Talent_不知火フレア | Talent_儒烏風亭らでん | Talent_兎田ぺこら | Talent_博衣こより | Talent_古石ビジュー | Talent_夏色まつり | Talent_夕刻ロベル | Talent_夜十神封魔 | Talent_大神ミオ | Talent_大空スバル | Talent_天音かなた | Talent_奏手イヅル | Talent_姫森ルーナ | Talent_定水寺シンリ | Talent_宝鐘マリン | Talent_小鳥遊キアラ | Talent_尾丸ポルカ | Talent_岸堂天真 | Talent_常闇トワ | Talent_影山シエン | Talent_律可 | Talent_戌神ころね | Talent_星街すいせい | Talent_桃鈴ねね | Talent_森カリオペ | Talent_水宮枢 | Talent_水無世燐央 | Talent_火威青 | Talent_猫又おかゆ | Talent_獅白ぼたん | Talent_癒月ちょこ | Talent_白上フブキ | Talent_白銀ノエル | Talent_百鬼あやめ | Talent_紫咲シオン | Talent_綺々羅々ヴィヴィ | Talent_羽継烏有 | Talent_花咲みやび | Talent_荒咬オウガ | Talent_虎金妃笑虎 | Talent_角巻わため | Talent_赤井はあと | Talent_輪堂千速 | Talent_轟はじめ | Talent_雪花ラミィ | Talent_音乃瀬奏 | Talent_響咲リオナ | Talent_風真いろは | Talent_鷹嶺ルイ | 受注生産商品
2025-03-03T13:22:53+09:00,LIVE/イベント物販,hololive 6th fes. Color Rise Harmony ラバーバンド,hololive_6thfes_rubberwristband,https://shop.hololivepro.com/products/hololive_6thfes_rubberwristband,hololive production official shop,,59,770,770,Generation_hololiveEnglish-Advent- | Generation_hololiveEnglish-Council- | Generation_hololiveEnglish-Myth- | Generation_hololiveEnglish-Promise- | Generation_ReGLOSS | Generation_ホロライブ0期生 | Generation_ホロライブ1期生 | Generation_ホロライブ2期生 | Generation_ホロライブ3期生 | Generation_ホロライブ4期生 | Generation_ホロライブ5期生 | Generation_ホロライブインドネシア1期生 | Generation_ホロライブインドネシア2期生 | Generation_ホロライブインドネシア3期生 | Generation_ホロライブゲーマーズ | Generation_秘密結社holoX | Group_hololiveDEV_IS | Group_ホロライブ | Group_ホロライブEnglish | Group_ホロライブインドネシア | hololive_superexpo2025_postsales | Recommended_MERCH | Talent_AZKi | Talent_IRyS | Talent_がうる・ぐら | Talent_こぼ・かなえる | Talent_さくらみこ | Talent_ときのそら | Talent_アイラニ・イオフィフティーン | Talent_アキ・ローゼンタール | Talent_アユンダ・リス | Talent_アーニャ・メルフィッサ | Talent_オーロ・クロニー | Talent_カエラ・コヴァルスキア | Talent_クレイジー・オリー | Talent_シオリ・ノヴェラ | Talent_ネリッサ・レイヴンクロフト | Talent_ハコス・ベールズ | Talent_パヴォリア・レイネ | Talent_フワワ・アビスガード | Talent_ベスティア・ゼータ | Talent_ムーナ・ホシノヴァ | Talent_モココ・アビスガード | Talent_ラプラス・ダークネス | Talent_ロボ子さん | Talent_一伊那尓栖 | Talent_一条莉々華 | Talent_七詩ムメイ | Talent_不知火フレア | Talent_儒烏風亭らでん | Talent_兎田ぺこら | Talent_博衣こより | Talent_古石ビジュー | Talent_夏色まつり | Talent_大神ミオ | Talent_大空スバル | Talent_天音かなた | Talent_姫森ルーナ | Talent_宝鐘マリン | Talent_小鳥遊キアラ | Talent_尾丸ポルカ | Talent_常闇トワ | Talent_戌神ころね | Talent_星街すいせい | Talent_桃鈴ねね | Talent_森カリオペ | Talent_火威青 | Talent_猫又おかゆ | Talent_獅白ぼたん | Talent_癒月ちょこ | Talent_白上フブキ | Talent_白銀ノエル | Talent_百鬼あやめ | Talent_紫咲シオン | Talent_角巻わため | Talent_赤井はあと | Talent_轟はじめ | Talent_雪花ラミィ | Talent_音乃瀬奏 | Talent_風真いろは | Talent_鷹嶺ルイ | 受注生産商品
2025-03-03T14:13:18+09:00,その他,「ホロの花札」特別生産hololive公式版,holoshanafuda_exclusive_hololive_edition,https://shop.hololivepro.com/products/holoshanafuda_exclusive_hololive_edition,hololive production official shop,,1,17600,17600,_ng_with_normal_group:holoshanafuda | Group_ホロライブ | Recommended_MERCH
2025-03-03T16:09:10+09:00,カード/書籍,hololive OFFICIAL CARD GAME ブースターパック「エリートスパーク」,hololiveofficialcardgame_hbp03,https://shop.hololivepro.com/products/hololiveofficialcardgame_hbp03,hololive production official shop,,2,5280,5280,_ng_with_normal_group:hcg2409 | addons:shipment:ignore_order | hololiveofficialcardgame | Recommended_MERCH | 再販
2025-03-03T16:27:58+09:00,カード/書籍,hololive OFFICIAL CARD GAME オフィシャルホロカスリーブ vol.9〜vol.12,hololiveofficialcardgame_cardsleeve_vol9-12,https://shop.hololivepro.com/products/hololiveofficialcardgame_cardsleeve_vol9-12,hololive production official shop,,4,990,990,_ng_with_normal_group:hcg2409 | addons:shipment:ignore_order | hololiveofficialcardgame | Recommended_MERCH
2025-03-03T16:45:26+09:00,カード/書籍,hololive OFFICIAL CARD GAME オフィシャルホロカケース vol.4〜vol.7,hololiveofficialcardgame_cardcase_vol4-7,https://shop.hololivepro.com/products/hololiveofficialcardgame_cardcase_vol4-7,hololive production official shop,,4,880,880,_ng_with_normal_group:hcg2409 | addons:shipment:ignore_order | hololiveofficialcardgame | Recommended_MERCH
2025-03-03T22:06:57+09:00,その他,hololive Magazine Series -Spotlight- vol.3,hololivemagazine_spotlight_vol3,https://shop.hololivepro.com/products/hololivemagazine_spotlight_vol3,hololive production official shop,,8,550,3850,Generation_ホロライブ4期生 | Generation_ホロライブ5期生 | Group_ホロライブ | hololive_magazine_spotlight | Recommended_MERCH | Talent_獅白ぼたん | Talent_角巻わため
2025-03-03T22:47:57+09:00,ボイス,ホロライブ 日常ささやき「ホワイトデー」ボイス,hololive_asmr_whiteday,https://shop.hololivepro.com/products/hololive_asmr_whiteday,hololive production official shop,,18,1000,17000,Generation_FLOWGLOW | Generation_ReGLOSS | Generation_ホロライブ0期生 | Generation_ホロライブ2期生 | Generation_ホロライブ3期生 | Generation_ホロライブ5期生 | Generation_秘密結社holoX | Group_hololiveDEV_IS | Group_ホロライブ | Recommended_デジタルコンテンツ | Talent_AZKi | Talent_ときのそら | Talent_ラプラス・ダークネス | Talent_ロボ子さん | Talent_一条莉々華 | Talent_儒烏風亭らでん | Talent_博衣こより | Talent_尾丸ポルカ | Talent_水宮枢 | Talent_火威青 | Talent_癒月ちょこ | Talent_白銀ノエル | Talent_綺々羅々ヴィヴィ | Talent_虎金妃笑虎 | Talent_輪堂千速 | Talent_雪花ラミィ | Talent_響咲リオナ | デジタルのみ | デジタルコンテンツ
2025-03-04T17:24:40+09:00,その他,IRyS EP『YaBAI』,irys_ep_yabai,https://shop.hololivepro.com/products/irys_ep_yabai,IRyS,,2,4400,4400,CD | Generation_hololiveEnglish-Promise- | Group_ホロライブEnglish | Recommended_MERCH | Talent_IRyS | 受注生産商品
2025-03-06T10:36:09+09:00,ボイス,百鬼あやめ「鬼の温泉郷でひと休み」ASMRボイス,nakiriayame_asmr_restingattheonishotspring,https://shop.hololivepro.com/products/nakiriayame_asmr_restingattheonishotspring,Nakiri Ayame,,4,1000,6000,Generation_ホロライブ2期生 | Group_ホロライブ | Recommended_デジタルコンテンツ | Talent_百鬼あやめ | デジタルのみ | デジタルコンテンツ
2025-03-06T13:25:12+09:00,ボイス,ホロライブ 使いこなせ！クセつよシステムボイス,hololive_noises,https://shop.hololivepro.com/products/hololive_noises,hololive production official shop,,64,500,10000,"Generation_FLOWGLOW | Generation_hololiveEnglish-Advent- | Generation_hololiveEnglish-Council- | Generation_hololiveEnglish-Justice-
Generation_ReGLOSS | Generation_hololiveEnglish-Promise- | Generation_ホロライブ2期生 | Generation_ホロライブ3期生 | Generation_ホロライブ4期生 | Generation_ホロライブ5期生 | Generation_ホロライブインドネシア2期生 | Generation_ホロライブインドネシア3期生
Generation_hololiveEnglish-Myth- | Generation_秘密結社holoX
Generation_ホロライブインドネシア1期生 | Group_hololiveDEV_IS
Generation_ホロライブ0期生 | Group_ホロライブ | Group_ホロライブEnglish | Group_ホロライブインドネシア | Recommended_デジタルコンテンツ | Talent_AZKi | Talent_IRyS | Talent_ときのそら | Talent_アーニャ・メルフィッサ | Talent_エリザベス・ローズ・ブラッドフレイム | Talent_オーロ・クロニー | Talent_カエラ・コヴァルスキア
Talent_森カリオペ | Talent_クレイジー・オリー | Talent_シオリ・ノヴェラ | Talent_ジジ・ムリン | Talent_セシリア・イマーグリーン | Talent_ネリッサ・レイヴンクロフト | Talent_ハコス・ベールズ | Talent_フワワ・アビスガード | Talent_ベスティア・ゼータ | Talent_モココ・アビスガード | Talent_ラオーラ・パンテーラ
Talent_火威青 | Talent_ロボ子さん | Talent_一伊那尓栖 | Talent_一条莉々華 | Talent_儒烏風亭らでん | Talent_博衣こより
Talent_アユンダ・リス | Talent_古石ビジュー | Talent_天音かなた | Talent_小鳥遊キアラ | Talent_尾丸ポルカ | Talent_常闇トワ | Talent_水宮枢 | Talent_癒月ちょこ | Talent_白銀ノエル | Talent_綺々羅々ヴィヴィ | Talent_虎金妃笑虎 | Talent_角巻わため | Talent_輪堂千速 | Talent_轟はじめ | Talent_雪花ラミィ | Talent_響咲リオナ | デジタルのみ | デジタルコンテンツ"
2025-03-06T22:30:52+09:00,誕生日記念,アーニャ・メルフィッサ 誕生日記念2025,anyamelfissa_bd2025,https://shop.hololivepro.com/products/anyamelfissa_bd2025,Anya Melfissa,,6,990,12320,Generation_ホロライブインドネシア2期生 | Group_ホロライブインドネシア | Recommended_MERCH | Recommended_デジタルコンテンツ | Talent_アーニャ・メルフィッサ | デジタルコンテンツ | 受注生産商品
2025-03-07T09:20:44+09:00,ボイス,不知火フレア「二人きりのホワイトデー」ボイス,shiranuiflare_ourwhiteday_voice,https://shop.hololivepro.com/products/shiranuiflare_ourwhiteday_voice,Shiranui Flare,,3,1000,2000,Generation_ホロライブ3期生 | Group_ホロライブ | Recommended_デジタルコンテンツ | Talent_不知火フレア | デジタルのみ | デジタルコンテンツ
2025-03-07T12:04:00+09:00,その他,雪花ラミィ サイバー衣装記念,yukihanalamy_cyberoutfit_no,https://shop.hololivepro.com/products/yukihanalamy_cyberoutfit_no,Yukihana Lamy,,5,1980,15180,Generation_ホロライブ5期生 | Group_ホロライブ | Recommended_MERCH | Talent_雪花ラミィ | 受注生産商品
2025-03-10T09:58:29+09:00,その他,博衣こより1st Album『FIRST STEP』,hakuikoyori_1stalbum_firststep,https://shop.hololivepro.com/products/hakuikoyori_1stalbum_firststep,Hakui Koyori,,1,3300,3300,CD | Generation_秘密結社holoX | Group_ホロライブ | Recommended_MERCH | Talent_博衣こより | 受注生産商品
2025-03-10T10:35:56+09:00,誕生日記念,博衣こより 誕生日記念2025,hakuikoyori_bd2025,https://shop.hololivepro.com/products/hakuikoyori_bd2025,Hakui Koyori,,6,3080,20680,Generation_秘密結社holoX | Group_ホロライブ | Recommended_MERCH | Talent_博衣こより | 受注生産商品
2025-03-11T15:40:16+09:00,ボイス,ホロライブ「あの夏、姉妹と見た青い空」ASMRボイス,hololive_asmr_theblueskywesawthatsummer,https://shop.hololivepro.com/products/hololive_asmr_theblueskywesawthatsummer,hololive,,5,1000,7000,Generation_ホロライブ1期生 | Generation_ホロライブゲーマーズ | Group_ホロライブ | Recommended_デジタルコンテンツ | Talent_猫又おかゆ | Talent_白上フブキ | デジタルのみ | デジタルコンテンツ
2025-03-11T17:24:17+09:00,ボイス,角巻わため「桜舞う道、幼馴染と新学期」ボイス,tsunomakiwatame_newschoolyearvoice,https://shop.hololivepro.com/products/tsunomakiwatame_newschoolyearvoice,Tsunomaki Watame,,3,1000,2000,Generation_ホロライブ4期生 | Group_ホロライブ | Recommended_デジタルコンテンツ | Talent_角巻わため | デジタルのみ | デジタルコンテンツ
2025-03-12T15:31:53+09:00,その他,ホロmini ボーカルシリーズ ホロスターズ UPROAR!!,holomini_vocal_uproar,https://shop.hololivepro.com/products/holomini_vocal_uproar,HOLOSTARS,,10,550,1760,Generation_UPROAR‼︎ | Group_ホロスターズ | holomini_vocal | Recommended_MERCH | Talent_夜十神封魔 | Talent_水無世燐央 | Talent_羽継烏有
2025-03-12T23:49:04+09:00,誕生日記念,IRyS 誕生日記念2025,irys_bd2025,https://shop.hololivepro.com/products/irys_bd2025,IRyS,,6,1100,17600,Generation_hololiveEnglish-Promise- | Group_ホロライブEnglish | Recommended_MERCH | Talent_IRyS | 受注生産商品
2025-03-14T09:38:59+09:00,ボイス,ホロライブEnglish「ENigmatic Recollection」ボイス「リベスタルでのハチャメチャな日々」,hololiveen_enigmaticrecollection_shenanigansinlibestal,https://shop.hololivepro.com/products/hololiveen_enigmaticrecollection_shenanigansinlibestal,hololive English,,16,1000,15000,enigmaticrecollection | Generation_hololiveEnglish-Advent- | Generation_hololiveEnglish-Council- | Generation_hololiveEnglish-Justice- | Generation_hololiveEnglish-Myth- | Generation_hololiveEnglish-Promise- | Group_ホロライブEnglish | Recommended_デジタルコンテンツ | Talent_IRyS | Talent_エリザベス・ローズ・ブラッドフレイム | Talent_オーロ・クロニー | Talent_シオリ・ノヴェラ | Talent_ジジ・ムリン | Talent_セシリア・イマーグリーン | Talent_ネリッサ・レイヴンクロフト | Talent_ハコス・ベールズ | Talent_フワワ・アビスガード | Talent_モココ・アビスガード | Talent_ラオーラ・パンテーラ | Talent_一伊那尓栖 | Talent_古石ビジュー | Talent_小鳥遊キアラ | Talent_森カリオペ | デジタルのみ | デジタルコンテンツ
2025-03-14T14:08:01+09:00,LIVE/イベント物販,【受注販売】猫又おかゆ 2nd Live.「ぺるそにゃ～りすぺくと」ライブグッズ,nekomataokayu_2ndlive_personyarespect_madetoorder,https://shop.hololivepro.com/products/nekomataokayu_2ndlive_personyarespect_madetoorder,Nekomata Okayu,,3,2400,3850,Generation_ホロライブゲーマーズ | Group_ホロライブ | nekomataokayu_2ndlive | Recommended_MERCH | Talent_猫又おかゆ | 受注生産商品
2025-03-14T14:29:23+09:00,LIVE/イベント物販,【先行発送】猫又おかゆ 2nd Live.「ぺるそにゃ～りすぺくと」ライブグッズ,nekomataokayu_2ndlive_personyarespect_advancedshipping,https://shop.hololivepro.com/products/nekomataokayu_2ndlive_personyarespect_advancedshipping,Nekomata Okayu,,6,500,11800,_ng_with_normal_group:NekomataOkayu2ndLive_AS | CD | Generation_ホロライブゲーマーズ | Group_ホロライブ | nekomataokayu_2ndlive | Recommended_MERCH | Talent_猫又おかゆ
2025-03-17T09:52:41+09:00,ボイス,ホロライブEnglish 春爛漫デートボイス,hololiveen_springrevelry_voice,https://shop.hololivepro.com/products/hololiveen_springrevelry_voice,hololive English,,9,1000,8000,Generation_hololiveEnglish-Advent- | Generation_hololiveEnglish-Council- | Generation_hololiveEnglish-Justice- | Generation_hololiveEnglish-Promise- | Group_ホロライブEnglish | Recommended_デジタルコンテンツ | Talent_オーロ・クロニー | Talent_シオリ・ノヴェラ | Talent_ジジ・ムリン | Talent_ネリッサ・レイヴンクロフト | Talent_フワワ・アビスガード | Talent_モココ・アビスガード | Talent_ラオーラ・パンテーラ | Talent_古石ビジュー | デジタルのみ | デジタルコンテンツ
2025-03-17T10:44:01+09:00,その他,ホロライブこれくしょん vol.4,hololivecollection_vol4,https://shop.hololivepro.com/products/hololivecollection_vol4,hololive production official shop,,4,1430,1430,Generation_ホロライブ0期生 | Generation_ホロライブ4期生 | Group_ホロライブ | hololivecollection | holowitches | HW2025 | Recommended_MERCH | Recommended_定番商品 | Talent_さくらみこ | Talent_天音かなた | Talent_姫森ルーナ
2025-03-17T14:52:05+09:00,ボイス,【再販売】紫咲シオン メモリアルボイスコレクション,murasakishion_memorial_voice,https://shop.hololivepro.com/products/murasakishion_memorial_voice,Murasaki Shion,,19,1000,1100,Generation_ホロライブ2期生 | Group_ホロライブ | Recommended_デジタルコンテンツ | Talent_紫咲シオン | デジタルのみ | デジタルコンテンツ
2025-03-18T09:59:16+09:00,周年/記念,星街すいせい 誕生日＆活動7周年記念,hoshimachisuisei_bd2025-an7th,https://shop.hololivepro.com/products/hoshimachisuisei_bd2025-an7th,Hoshimachi Suisei,,7,0,20020,Generation_ホロライブ0期生 | Group_ホロライブ | Recommended_MERCH | Talent_星街すいせい | 受注生産商品
2025-03-18T10:37:56+09:00,その他,ホロライブインドネシア3期生 3周年記念,hololiveid_3rdgen_an3rd,https://shop.hololivepro.com/products/hololiveid_3rdgen_an3rd,hololive Indonesia,,7,1650,3520,Generation_ホロライブインドネシア3期生 | Group_ホロライブインドネシア | Recommended_MERCH | Talent_こぼ・かなえる | Talent_カエラ・コヴァルスキア | Talent_ベスティア・ゼータ
2025-03-18T11:39:48+09:00,周年/記念,UPROAR!! 活動3周年記念ボイス『カミフェス!!! ~after~』,uproar_an3rd_voice,https://shop.hololivepro.com/products/uproar_an3rd_voice,HOLOSTARS,,4,1650,4950,Generation_UPROAR‼︎ | Group_ホロスターズ | Recommended_デジタルコンテンツ | Talent_夜十神封魔 | Talent_水無世燐央 | Talent_羽継烏有 | デジタルのみ | デジタルコンテンツ
2025-03-19T10:04:57+09:00,ボイス,博衣こより「癒しの実験室へようこそ」ASMRボイス,hakuikoyori_asmr_welcometothecomfylaboratory,https://shop.hololivepro.com/products/hakuikoyori_asmr_welcometothecomfylaboratory,Hakui Koyori,,4,1000,5000,Generation_秘密結社holoX | Group_ホロライブ | Recommended_デジタルコンテンツ | Talent_博衣こより | デジタルのみ | デジタルコンテンツ
2025-03-19T10:36:24+09:00,その他,Lovely Okaburi Mascot Series vol.2,lovelyokaburimascot_vol2,https://shop.hololivepro.com/products/lovelyokaburimascot_vol2,hololive production official shop,,32,550,9900,Generation_ホロライブ1期生 | Generation_ホロライブゲーマーズ | Group_ホロライブ | LovelyOkaburi | Recommended_MERCH | Talent_大神ミオ | Talent_戌神ころね | Talent_猫又おかゆ | Talent_白上フブキ | 再販
2025-03-21T08:34:21+09:00,ボイス,ときのそら「未来を描く、夢へのスタートライン」ボイス,tokinosora_paintingmyfuturestartinglinemydreams_voice,https://shop.hololivepro.com/products/tokinosora_paintingmyfuturestartinglinemydreams_voice,Tokino Sora,,1,2500,2500,Generation_ホロライブ0期生 | Group_ホロライブ | Recommended_デジタルコンテンツ | Talent_ときのそら | デジタルのみ | デジタルコンテンツ
2025-03-21T09:43:50+09:00,誕生日記念,オーロ・クロニー 誕生日記念2025,ourokronii_bd2025,https://shop.hololivepro.com/products/ourokronii_bd2025,Ouro Kronii,,8,0,12100,Generation_hololiveEnglish-Council- | Generation_hololiveEnglish-Promise- | Group_ホロライブEnglish | Recommended_MERCH | Recommended_デジタルコンテンツ | Talent_オーロ・クロニー | デジタルコンテンツ | 受注生産商品
2025-03-21T10:13:16+09:00,その他,アルランディス 新衣装記念2025,arurandeisu_no2025,https://shop.hololivepro.com/products/arurandeisu_no2025,Arurandeisu,,5,550,5390,Generation_ホロスターズ1期生 | Group_ホロスターズ | Recommended_MERCH | Talent_アルランディス | 受注生産商品
2025-03-21T15:28:25+09:00,周年/記念,こぼ・かなえる 活動3周年記念,kobokanaeru_an3rd,https://shop.hololivepro.com/products/kobokanaeru_an3rd,Kobo Kanaeru,,1,5830,5830,Generation_ホロライブインドネシア3期生 | Group_ホロライブインドネシア | Recommended_MERCH | Talent_こぼ・かなえる | 受注生産商品
2025-03-24T14:39:42+09:00,周年/記念,UPROAR!!活動3周年記念,uproar_an3rd,https://shop.hololivepro.com/products/uproar_an3rd,HOLOSTARS,,9,350,3300,Generation_UPROAR‼︎ | Group_ホロスターズ | Recommended_MERCH | Talent_夜十神封魔 | Talent_水無世燐央 | Talent_羽継烏有 | 受注生産商品
2025-03-25T09:37:02+09:00,その他,-Art Selection- 天音かなた,artselection_amanekanata,https://shop.hololivepro.com/products/artselection_amanekanata,Amane Kanata,,3,550,5500,artselection | Generation_ホロライブ4期生 | Group_ホロライブ | Recommended_MERCH | Talent_天音かなた
2025-03-25T10:01:54+09:00,その他,-Art Selection- 雪花ラミィ,artselection_yukihanalamy,https://shop.hololivepro.com/products/artselection_yukihanalamy,Yukihana Lamy,,3,550,5500,artselection | Generation_ホロライブ5期生 | Group_ホロライブ | Recommended_MERCH | Talent_雪花ラミィ
2025-03-25T13:13:58+09:00,その他,猫又おかゆ 2nd Live.「ぺるそにゃ～りすぺくと」 デジタルメッセージボード,nekomataokayu_2ndlive_digitalmessageboard,https://shop.hololivepro.com/products/nekomataokayu_2ndlive_digitalmessageboard,Nekomata Okayu,,2,3000,6000,_ng_with_normal_group:NekomataOkayu2ndLive_DMB | Generation_ホロライブゲーマーズ | Group_ホロライブ | Recommended_デジタルコンテンツ | Talent_猫又おかゆ | デジタルのみ | デジタルコンテンツ
2025-03-25T15:22:26+09:00,誕生日記念,桃鈴ねね 誕生日記念2025,momosuzunene_bd2025,https://shop.hololivepro.com/products/momosuzunene_bd2025,Momosuzu Nene,,9,0,16720,Generation_ホロライブ5期生 | Group_ホロライブ | Recommended_MERCH | Recommended_デジタルコンテンツ | Talent_桃鈴ねね | デジタルコンテンツ | 受注生産商品
2025-03-26T09:38:29+09:00,復刻/再販売,紫咲シオン グッズ 復刻販売,murasakishion_merch_rereleased,https://shop.hololivepro.com/products/murasakishion_merch_rereleased,Murasaki Shion,,3,1870,11000,Generation_ホロライブ2期生 | Group_ホロライブ | Recommended_MERCH | Talent_紫咲シオン | 受注生産商品
2025-03-26T23:18:58+09:00,その他,紫咲シオン 卒業グッズ,murasakishion_graduationmerch,https://shop.hololivepro.com/products/murasakishion_graduationmerch,Murasaki Shion,,7,1100,17160,Generation_ホロライブ2期生 | Group_ホロライブ | Recommended_MERCH | Recommended_デジタルコンテンツ | Talent_紫咲シオン | デジタルコンテンツ | 受注生産商品
2025-03-27T13:57:35+09:00,ボイス,ホロスターズEnglish「LILSTARS」スターティングボイス,holostarsen_startingvoice_lilstars,https://shop.hololivepro.com/products/holostarsen_startingvoice_lilstars,HOLOSTARS English,,10,1100,9900,Generation_ARMIS | Generation_TEMPUS | Group_ホロスターズEnglish | Recommended_デジタルコンテンツ | Talent_アクセル・シリオス | Talent_オクタビオ | Talent_ガビス・ベッテル | Talent_クリムゾン・ルーズ | Talent_ゴールドブレット | Talent_ジュラルド・ティー・レクスフォード | Talent_マキナ・X・フレオン | Talent_万象院ハッカ | Talent_定水寺シンリ | デジタルのみ | デジタルコンテンツ
2025-03-27T16:10:36+09:00,ボイス,ホロライブ パートナーボイス,hololive_partnervoice,https://shop.hololivepro.com/products/hololive_partnervoice,hololive production official shop,,74,500,20500,Generation_FLOWGLOW | Generation_hololiveEnglish-Advent- | Generation_hololiveEnglish-Council- | Generation_hololiveEnglish-Justice- | Generation_hololiveEnglish-Myth- | Generation_hololiveEnglish-Promise- | Generation_ReGLOSS | Generation_ホロライブ0期生 | Generation_ホロライブ1期生 | Generation_ホロライブ3期生 | Generation_ホロライブ5期生 | Generation_ホロライブインドネシア1期生 | Generation_ホロライブインドネシア2期生 | Generation_ホロライブインドネシア3期生 | Generation_秘密結社holoX | Group_hololiveDEV_IS | Group_ホロライブ | Group_ホロライブEnglish | Group_ホロライブインドネシア | Recommended_デジタルコンテンツ | Talent_AZKi | Talent_IRyS | Talent_ときのそら | Talent_アイラニ・イオフィフティーン | Talent_アユンダ・リス | Talent_エリザベス・ローズ・ブラッドフレイム | Talent_オーロ・クロニー | Talent_カエラ・コヴァルスキア | Talent_クレイジー・オリー | Talent_シオリ・ノヴェラ | Talent_ネリッサ・レイヴンクロフト | Talent_フワワ・アビスガード | Talent_ベスティア・ゼータ | Talent_ムーナ・ホシノヴァ | Talent_モココ・アビスガード | Talent_ラオーラ・パンテーラ | Talent_ロボ子さん | Talent_一条莉々華 | Talent_不知火フレア | Talent_儒烏風亭らでん | Talent_博衣こより | Talent_古石ビジュー | Talent_夏色まつり | Talent_尾丸ポルカ | Talent_桃鈴ねね | Talent_森カリオペ | Talent_白銀ノエル | Talent_綺々羅々ヴィヴィ | Talent_輪堂千速 | Talent_雪花ラミィ | Talent_響咲リオナ | デジタルのみ | デジタルコンテンツ
2025-03-28T10:16:59+09:00,シリーズ/アパレル,hololive Connect hololive pixel art 4期生,hololiveconnect_pixelart_gen4,https://shop.hololivepro.com/products/hololiveconnect_pixelart_gen4,hololive production official shop,,35,1100,11000,Generation_ホロライブ4期生 | Group_ホロライブ | hololiveconnect | hololiveconnect_pixelart | Recommended_MERCH | Talent_天音かなた | Talent_姫森ルーナ | Talent_常闇トワ | Talent_角巻わため
2025-03-28T10:18:54+09:00,シリーズ/アパレル,hololive Connect hololive pixel art 5期生,hololiveconnect_pixelart_gen5,https://shop.hololivepro.com/products/hololiveconnect_pixelart_gen5,hololive production official shop,,35,1100,11000,Generation_ホロライブ5期生 | Group_ホロライブ | hololiveconnect | hololiveconnect_pixelart | Recommended_MERCH | Talent_尾丸ポルカ | Talent_桃鈴ねね | Talent_獅白ぼたん | Talent_雪花ラミィ
2025-03-28T10:20:41+09:00,シリーズ/アパレル,hololive Connect hololive pixel art 秘密結社holoX,hololiveconnect_pixelart_holox,https://shop.hololivepro.com/products/hololiveconnect_pixelart_holox,hololive production official shop,,35,1100,11000,Generation_秘密結社holoX | Group_ホロライブ | hololiveconnect | hololiveconnect_pixelart | Recommended_MERCH | Talent_ラプラス・ダークネス | Talent_博衣こより | Talent_風真いろは | Talent_鷹嶺ルイ
2025-03-31T09:45:53+09:00,誕生日記念,不知火フレア 誕生日記念2025,shiranuiflare_bd2025,https://shop.hololivepro.com/products/shiranuiflare_bd2025,Shiranui Flare,,6,1100,19800,Generation_ホロライブ3期生 | Group_ホロライブ | Recommended_MERCH | Talent_不知火フレア | 受注生産商品
2025-03-31T10:34:45+09:00,その他,ホロスターズEnglish -ARMIS- 3Dアクリルスタンド,holostarsen_armis_3dacrylicstand,https://shop.hololivepro.com/products/holostarsen_armis_3dacrylicstand,HOLOSTARS English,,4,2200,2200,ARMIS_3D2025 | Generation_ARMIS | Group_ホロスターズEnglish | Recommended_MERCH | Recommended_定番商品 | Talent_オクタビオ | Talent_クリムゾン・ルーズ | Talent_ゴールドブレット | Talent_ジュラルド・ティー・レクスフォード
2025-03-31T10:56:46+09:00,その他,ホロスターズEnglish -ARMIS- 3Dお披露目記念,holostarsen_armis_3d2025,https://shop.hololivepro.com/products/holostarsen_armis_3d2025,HOLOSTARS English,,5,1100,4950,ARMIS_3D2025 | Generation_ARMIS | Group_ホロスターズEnglish | Recommended_MERCH | Talent_オクタビオ | Talent_クリムゾン・ルーズ | Talent_ゴールドブレット | Talent_ジュラルド・ティー・レクスフォード | 受注生産商品
2025-03-31T13:19:11+09:00,誕生日記念,森カリオペ 誕生日記念2025,moricalliope_bd2025,https://shop.hololivepro.com/products/moricalliope_bd2025,Mori Calliope,,7,1100,19250,Generation_hololiveEnglish-Myth- | Group_ホロライブEnglish | Recommended_MERCH | Recommended_デジタルコンテンツ | Talent_森カリオペ | デジタルコンテンツ | 受注生産商品
2025-03-31T15:27:10+09:00,その他,ホロライブインドネシア 5周年記念「5yukuran」,hololiveid_an5th,https://shop.hololivepro.com/products/hololiveid_an5th,hololive Indonesia,,11,1100,5940,Generation_ホロライブインドネシア1期生 | Generation_ホロライブインドネシア2期生 | Generation_ホロライブインドネシア3期生 | Group_ホロライブインドネシア | Recommended_MERCH | Talent_こぼ・かなえる | Talent_アイラニ・イオフィフティーン | Talent_アユンダ・リス | Talent_アーニャ・メルフィッサ | Talent_カエラ・コヴァルスキア | Talent_クレイジー・オリー | Talent_パヴォリア・レイネ | Talent_ベスティア・ゼータ | Talent_ムーナ・ホシノヴァ
2025-03-31T18:21:04+09:00,シリーズ/アパレル,HOLOSTARS CLOSET 律可 秋冬衣装 ver.,holostarscloset_rikka_fallwinteroutfit,https://shop.hololivepro.com/products/holostarscloset_rikka_fallwinteroutfit,Rikka,,1,1760,1760,Generation_ホロスターズ1期生 | Group_ホロスターズ | holostarscloset | Recommended_MERCH | Talent_律可
2025-03-31T18:21:04+09:00,シリーズ/アパレル,HOLOSTARS CLOSET アルランディス 継承衣装 ver.,holostarscloset_arurandeisu_accessionoutfit,https://shop.hololivepro.com/products/holostarscloset_arurandeisu_accessionoutfit,Arurandeisu,,1,1760,1760,Generation_ホロスターズ1期生 | Group_ホロスターズ | holostarscloset | Recommended_MERCH | Talent_アルランディス
2025-03-31T18:21:04+09:00,シリーズ/アパレル,HOLOSTARS CLOSET 奏手イヅル 秋冬衣装 ver.,holostarscloset_kanadeizuru_fallwinteroutfit,https://shop.hololivepro.com/products/holostarscloset_kanadeizuru_fallwinteroutfit,Kanade Izuru,,1,1760,1760,Generation_ホロスターズ1期生 | Group_ホロスターズ | holostarscloset | Recommended_MERCH | Talent_奏手イヅル
2025-03-31T18:21:04+09:00,シリーズ/アパレル,HOLOSTARS CLOSET 花咲みやび 秋冬衣装 ver.,holostarscloset_hanasakimiyabi_fallwinteroutfit,https://shop.hololivepro.com/products/holostarscloset_hanasakimiyabi_fallwinteroutfit,Hanasaki Miyabi,,1,1760,1760,Generation_ホロスターズ1期生 | Group_ホロスターズ | holostarscloset | Recommended_MERCH | Talent_花咲みやび
2025-03-31T18:21:07+09:00,シリーズ/アパレル,HOLOSTARS CLOSET 影山シエン マフィアボス風衣装 ver.,holostarscloset_kageyamashien_mafiabossstyleoutfit,https://shop.hololivepro.com/products/holostarscloset_kageyamashien_mafiabossstyleoutfit,Kageyama Shien,,1,1760,1760,Generation_ホロスターズ3期生 | Group_ホロスターズ | holostarscloset | Recommended_MERCH | Talent_影山シエン
2025-03-31T18:21:07+09:00,シリーズ/アパレル,HOLOSTARS CLOSET 夕刻ロベル 秋冬衣装 ver.,holostarscloset_yukokuroberu_fallwinteroutfit,https://shop.hololivepro.com/products/holostarscloset_yukokuroberu_fallwinteroutfit,Yukoku Roberu,,1,1760,1760,Generation_ホロスターズ2期生 | Group_ホロスターズ | holostarscloset | Recommended_MERCH | Talent_夕刻ロベル
2025-03-31T18:21:07+09:00,シリーズ/アパレル,HOLOSTARS CLOSET 岸堂天真 秋冬衣装 ver.,holostarscloset_kishidotemma_fallwinteroutfit,https://shop.hololivepro.com/products/holostarscloset_kishidotemma_fallwinteroutfit,Kishido Temma,,1,1760,1760,Generation_ホロスターズ2期生 | Group_ホロスターズ | holostarscloset | Recommended_MERCH | Talent_岸堂天真
2025-03-31T18:21:07+09:00,シリーズ/アパレル,HOLOSTARS CLOSET アステル・レダ 秋冬衣装 ver.,holostarscloset_astelleda_fallwinteroutfit,https://shop.hololivepro.com/products/holostarscloset_astelleda_fallwinteroutfit,Astel Leda,,1,1760,1760,Generation_ホロスターズ2期生 | Group_ホロスターズ | holostarscloset | Recommended_MERCH | Talent_アステル・レダ
2025-03-31T18:21:09+09:00,シリーズ/アパレル,HOLOSTARS CLOSET 羽継烏有 放課後衣装 ver.,holostarscloset_utsugiuyu_afterschooloutfit,https://shop.hololivepro.com/products/holostarscloset_utsugiuyu_afterschooloutfit,Utsugi Uyu,,1,1760,1760,Generation_UPROAR‼︎ | Group_ホロスターズ | holostarscloset | Recommended_MERCH | Talent_羽継烏有
2025-03-31T18:21:09+09:00,シリーズ/アパレル,HOLOSTARS CLOSET 夜十神封魔 放課後衣装 ver.,holostarscloset_yatogamifuma_afterschooloutfit,https://shop.hololivepro.com/products/holostarscloset_yatogamifuma_afterschooloutfit,Yatogami Fuma,,1,1760,1760,Generation_UPROAR‼︎ | Group_ホロスターズ | holostarscloset | Recommended_MERCH | Talent_夜十神封魔
2025-03-31T18:21:09+09:00,シリーズ/アパレル,HOLOSTARS CLOSET 荒咬オウガ 魔界の貴族衣装 ver.,holostarscloset_aragamioga_underworldaristocracyoutfit,https://shop.hololivepro.com/products/holostarscloset_aragamioga_underworldaristocracyoutfit,Aragami Oga,,1,1760,1760,Generation_ホロスターズ3期生 | Group_ホロスターズ | holostarscloset | Recommended_MERCH | Talent_荒咬オウガ
2025-03-31T18:21:10+09:00,シリーズ/アパレル,HOLOSTARS CLOSET 水無世燐央 放課後衣装 ver.,holostarscloset_minaserio_afterschooloutfit,https://shop.hololivepro.com/products/holostarscloset_minaserio_afterschooloutfit,Minase Rio,,1,1760,1760,Generation_UPROAR‼︎ | Group_ホロスターズ | holostarscloset | Recommended_MERCH | Talent_水無世燐央
2025-04-01T17:14:27+09:00,誕生日記念,オクタビオ 誕生日記念2025,octavio_bd2025,https://shop.hololivepro.com/products/octavio_bd2025,Octavio,,6,550,11000,Generation_ARMIS | Group_ホロスターズEnglish | Recommended_MERCH | Recommended_デジタルコンテンツ | Talent_オクタビオ | デジタルコンテンツ | 受注生産商品
2025-04-02T09:48:03+09:00,カード/書籍,ホロ活 名刺ケース 春先のどか名刺入り,holokatsu_businesscardcases,https://shop.hololivepro.com/products/holokatsu_businesscardcases,hololive production official shop,,1,2750,2750,Dis_official | holokatsu | hololiveoffice | Recommended_MERCH | Recommended_定番商品 | Talent_春先のどか
2025-04-02T16:33:18+09:00,カード/書籍,ホロ活 推しアピール名刺,holokatsu_flauntyouroshibusinesscard,https://shop.hololivepro.com/products/holokatsu_flauntyouroshibusinesscard,hololive production official shop,,32,1650,1650,Dis_official | Generation_ホロライブ0期生 | Generation_ホロライブ1期生 | Generation_ホロライブ2期生 | Generation_ホロライブ3期生 | Generation_ホロライブ4期生 | Generation_ホロライブ5期生 | Generation_ホロライブゲーマーズ | Generation_秘密結社holoX | Group_ホロライブ | holokatsu | Recommended_MERCH | Recommended_定番商品 | Talent_AZKi | Talent_さくらみこ | Talent_ときのそら | Talent_アキ・ローゼンタール | Talent_ラプラス・ダークネス | Talent_ロボ子さん | Talent_不知火フレア | Talent_兎田ぺこら | Talent_博衣こより | Talent_夏色まつり | Talent_大神ミオ | Talent_大空スバル | Talent_天音かなた | Talent_姫森ルーナ | Talent_宝鐘マリン | Talent_尾丸ポルカ | Talent_常闇トワ | Talent_戌神ころね | Talent_星街すいせい | Talent_桃鈴ねね | Talent_猫又おかゆ | Talent_獅白ぼたん | Talent_癒月ちょこ | Talent_白上フブキ | Talent_白銀ノエル | Talent_百鬼あやめ | Talent_紫咲シオン | Talent_角巻わため | Talent_赤井はあと | Talent_雪花ラミィ | Talent_風真いろは | Talent_鷹嶺ルイ
2025-04-02T17:20:11+09:00,誕生日記念,律可 誕生日記念2025,rikka_birthday_2025,https://shop.hololivepro.com/products/rikka_birthday_2025,Rikka,,6,550,18700,Generation_ホロスターズ1期生 | Group_ホロスターズ | Recommended_MERCH | Recommended_デジタルコンテンツ | Talent_律可 | デジタルコンテンツ | 受注生産商品
2025-04-03T09:29:07+09:00,ボイス,夏色まつり「ねぇ、からかわれるのと膝枕、どっちが好きなの？」ASMRボイス,natsuiromatsuri_asmr_betweenateaseandalappillowwhichonedoyoulike,https://shop.hololivepro.com/products/natsuiromatsuri_asmr_betweenateaseandalappillowwhichonedoyoulike,Natsuiro Matsuri,,3,1000,2000,Generation_ホロライブ1期生 | Group_ホロライブ | hololiveoffice | Recommended_デジタルコンテンツ | Talent_夏色まつり | Talent_春先のどか | デジタルのみ | デジタルコンテンツ
2025-04-03T09:46:53+09:00,周年/記念,アユンダ・リス 活動5周年記念,ayundarisu_anniversary_5th,https://shop.hololivepro.com/products/ayundarisu_anniversary_5th,Ayunda Risu,,3,3520,9020,Generation_ホロライブインドネシア1期生 | Group_ホロライブインドネシア | Recommended_MERCH | Talent_アユンダ・リス | 受注生産商品
2025-04-03T10:01:55+09:00,周年/記念,戌神ころね 活動6周年記念,inugamikorone_anniversary_6th,https://shop.hololivepro.com/products/inugamikorone_anniversary_6th,Inugami Korone,,6,0,12870,Generation_ホロライブゲーマーズ | Group_ホロライブ | Recommended_MERCH | Talent_戌神ころね | 受注生産商品
2025-04-03T11:51:39+09:00,周年/記念,ホロライブインドネシア1期生 5周年記念「AREA15 Anniver5ary」,hololiveidgen1_anniversary_5th,https://shop.hololivepro.com/products/hololiveidgen1_anniversary_5th,hololive Indonesia,,5,2750,3850,Generation_ホロライブインドネシア1期生 | Group_ホロライブインドネシア | Recommended_MERCH | Talent_アイラニ・イオフィフティーン | Talent_アユンダ・リス | Talent_ムーナ・ホシノヴァ
2025-04-03T16:17:52+09:00,その他,ホロmini ボーカルシリーズ ホロライブインドネシア1期生,holomini_vocal_hololiveid_gen1,https://shop.hololivepro.com/products/holomini_vocal_hololiveid_gen1,hololive Indonesia,,10,550,2970,Generation_ホロライブインドネシア1期生 | Group_ホロライブインドネシア | holomini_vocal | Recommended_MERCH | Talent_アイラニ・イオフィフティーン | Talent_アユンダ・リス | Talent_ムーナ・ホシノヴァ
2025-04-07T09:55:37+09:00,シリーズ/アパレル,hololive Connect holocode,hololiveconnect_holocode,https://shop.hololivepro.com/products/hololiveconnect_holocode,hololive production official shop,,19,660,7150,Generation_ホロライブ1期生 | Generation_ホロライブ5期生 | Generation_ホロライブゲーマーズ | Generation_秘密結社holoX | Group_ホロライブ | hololiveconnect | Recommended_MERCH | Talent_ラプラス・ダークネス | Talent_尾丸ポルカ | Talent_白上フブキ | 受注生産商品
2025-04-07T14:44:30+09:00,hololive friends,hololive friends poutique Fun!ハット さくらみこ,hololivefriends_poutique_funhat_sakuramiko,https://shop.hololivepro.com/products/hololivefriends_poutique_funhat_sakuramiko,Sakura Miko,,1,1200,1200,Generation_ホロライブ0期生 | Group_ホロライブ | hololivefriendspoutique | Recommended_MERCH | Recommended_定番商品 | Talent_さくらみこ
2025-04-07T14:46:48+09:00,hololive friends,hololive friends poutique Fun!ハット 赤井はあと,hololivefriends_poutique_funhat_akaihaato,https://shop.hololivepro.com/products/hololivefriends_poutique_funhat_akaihaato,Akai Haato,,1,1200,1200,Generation_ホロライブ1期生 | Group_ホロライブ | hololivefriendspoutique | Recommended_MERCH | Recommended_定番商品 | Talent_赤井はあと
2025-04-07T14:47:31+09:00,hololive friends,hololive friends poutique Fun!ハット 癒月ちょこ,hololivefriends_poutique_funhat_yuzukichoco,https://shop.hololivepro.com/products/hololivefriends_poutique_funhat_yuzukichoco,Yuzuki Choco,,1,1200,1200,Generation_ホロライブ2期生 | Group_ホロライブ | hololivefriendspoutique | Recommended_MERCH | Recommended_定番商品 | Talent_癒月ちょこ
2025-04-07T14:48:08+09:00,hololive friends,hololive friends poutique Fun!ハット 大神ミオ,hololivefriends_poutique_funhat_ookamimio,https://shop.hololivepro.com/products/hololivefriends_poutique_funhat_ookamimio,Ookami Mio,,1,1200,1200,Generation_ホロライブゲーマーズ | Group_ホロライブ | hololivefriendspoutique | Recommended_MERCH | Recommended_定番商品 | Talent_大神ミオ
2025-04-07T14:48:41+09:00,hololive friends,hololive friends poutique Fun!ハット 白銀ノエル,hololivefriends_poutique_funhat_shiroganenoel,https://shop.hololivepro.com/products/hololivefriends_poutique_funhat_shiroganenoel,Shirogane Noel,,1,1200,1200,Generation_ホロライブ3期生 | Group_ホロライブ | hololivefriendspoutique | Recommended_MERCH | Recommended_定番商品 | Talent_白銀ノエル
2025-04-07T14:49:20+09:00,hololive friends,hololive friends poutique Fun!ハット 天音かなた,hololivefriends_poutique_funhat_amanekanata,https://shop.hololivepro.com/products/hololivefriends_poutique_funhat_amanekanata,Amane Kanata,,1,1200,1200,Generation_ホロライブ4期生 | Group_ホロライブ | hololivefriendspoutique | Recommended_MERCH | Recommended_定番商品 | Talent_天音かなた
2025-04-07T14:49:57+09:00,hololive friends,hololive friends poutique Fun!ハット 獅白ぼたん,hololivefriends_poutique_funhat_shishirobotan,https://shop.hololivepro.com/products/hololivefriends_poutique_funhat_shishirobotan,Shishiro Botan,,1,1200,1200,Generation_ホロライブ5期生 | Group_ホロライブ | hololivefriendspoutique | Recommended_MERCH | Recommended_定番商品 | Talent_獅白ぼたん
2025-04-07T14:50:38+09:00,hololive friends,hololive friends poutique Fun!ハット 博衣こより,hololivefriends_poutique_funhat_hakuikoyori,https://shop.hololivepro.com/products/hololivefriends_poutique_funhat_hakuikoyori,Hakui Koyori,,1,1200,1200,Generation_秘密結社holoX | Group_ホロライブ | hololivefriendspoutique | Recommended_MERCH | Recommended_定番商品 | Talent_博衣こより
2025-04-08T15:23:08+09:00,ボイス,ホロライブ 日常ささやき「君との春」ボイス,hololive_asmr_springwithyou,https://shop.hololivepro.com/products/hololive_asmr_springwithyou,hololive production official shop,,17,1000,16000,Generation_FLOWGLOW | Generation_ReGLOSS | Generation_ホロライブ0期生 | Generation_ホロライブ2期生 | Generation_ホロライブ3期生 | Generation_ホロライブ5期生 | Generation_秘密結社holoX | Group_hololiveDEV_IS | Group_ホロライブ | Recommended_デジタルコンテンツ | Talent_AZKi | Talent_ときのそら | Talent_ロボ子さん | Talent_一条莉々華 | Talent_儒烏風亭らでん | Talent_博衣こより | Talent_尾丸ポルカ | Talent_水宮枢 | Talent_火威青 | Talent_癒月ちょこ | Talent_白銀ノエル | Talent_綺々羅々ヴィヴィ | Talent_虎金妃笑虎 | Talent_輪堂千速 | Talent_雪花ラミィ | Talent_響咲リオナ | デジタルのみ | デジタルコンテンツ
2025-04-09T09:14:38+09:00,その他,ホロmini ボーカルシリーズ ホロライブインドネシア3期生,holomini_vocal_hololiveid_gen3,https://shop.hololivepro.com/products/holomini_vocal_hololiveid_gen3,hololive Indonesia,,10,550,2970,Generation_ホロライブインドネシア3期生 | Group_ホロライブインドネシア | holomini_vocal | Recommended_MERCH | Talent_こぼ・かなえる | Talent_カエラ・コヴァルスキア | Talent_ベスティア・ゼータ
2025-04-09T16:07:33+09:00,誕生日記念,古石ビジュー 誕生日記念2025,kosekibijou_birthday_2025,https://shop.hololivepro.com/products/kosekibijou_birthday_2025,Koseki Bijou,,7,1100,20790,Generation_hololiveEnglish-Advent- | Group_ホロライブEnglish | Recommended_MERCH | Recommended_デジタルコンテンツ | Talent_古石ビジュー | デジタルコンテンツ | 受注生産商品
2025-04-10T22:27:23+09:00,その他,ホロライブEnglish「ENigmatic Recollection」1章 New Collection,hololiveen_enigmaticrecollection_chapter1newcollection,https://shop.hololivepro.com/products/hololiveen_enigmaticrecollection_chapter1newcollection,hololive English,,23,2200,2200,enigmaticrecollection | Generation_hololiveEnglish-Advent- | Generation_hololiveEnglish-Council- | Generation_hololiveEnglish-Justice- | Generation_hololiveEnglish-Myth- | Generation_hololiveEnglish-Promise- | Group_ホロライブEnglish | Recommended_MERCH | Talent_IRyS | Talent_がうる・ぐら | Talent_エリザベス・ローズ・ブラッドフレイム | Talent_オーロ・クロニー | Talent_シオリ・ノヴェラ | Talent_ジジ・ムリン | Talent_セシリア・イマーグリーン | Talent_セレス・ファウナ | Talent_ネリッサ・レイヴンクロフト | Talent_ハコス・ベールズ | Talent_フワワ・アビスガード | Talent_モココ・アビスガード | Talent_ラオーラ・パンテーラ | Talent_ワトソン・アメリア | Talent_一伊那尓栖 | Talent_七詩ムメイ | Talent_古石ビジュー | Talent_小鳥遊キアラ | Talent_森カリオペ | 受注生産商品
2025-04-10T22:49:11+09:00,誕生日記念,岸堂天真 誕生日記念2025,kishidotemma_birthday_2025,https://shop.hololivepro.com/products/kishidotemma_birthday_2025,Kishido Temma,,6,550,18700,Generation_ホロスターズ2期生 | Group_ホロスターズ | Recommended_MERCH | Recommended_デジタルコンテンツ | Talent_岸堂天真 | デジタルコンテンツ | 受注生産商品
2025-04-11T09:34:46+09:00,その他,クリムゾン・ルーズ チップス＆スープの日2025,crimzonruze_chipsandsoupday_2025,https://shop.hololivepro.com/products/crimzonruze_chipsandsoupday_2025,Crimzon Ruze,,5,0,6820,Generation_ARMIS | Group_ホロスターズEnglish | Recommended_MERCH | Talent_クリムゾン・ルーズ | 受注生産商品
2025-04-11T11:00:08+09:00,その他,天音かなた 2nd Album『Trigger』完全生産限定盤,amanekanata_2ndal_trigger_limited,https://shop.hololivepro.com/products/amanekanata_2ndal_trigger_limited,Amane Kanata,,1,13200,13200,_ng_with_normal_group:AmaneKanata2ndAlbum | amanekanata_2ndalbum | CD | Generation_ホロライブ4期生 | Group_ホロライブ | Recommended_MERCH | Talent_天音かなた
2025-04-11T11:19:42+09:00,その他,天音かなた 2nd Album『Trigger』通常盤(初回生産分),amanekanata_2ndal_trigger_regular,https://shop.hololivepro.com/products/amanekanata_2ndal_trigger_regular,Amane Kanata,,3,0,3850,_group:AmaneKanata2ndAlbum | amanekanata2ndalbum | CD | Generation_ホロライブ4期生 | Group_ホロライブ | Recommended_MERCH | Talent_天音かなた
2025-04-14T09:50:00+09:00,誕生日記念,天音かなた 誕生日記念2025,amanekanata_birthday_2025,https://shop.hololivepro.com/products/amanekanata_birthday_2025,Amane Kanata,,7,0,20130,Generation_ホロライブ4期生 | Group_ホロライブ | Recommended_MERCH | Talent_天音かなた | 受注生産商品
2025-04-14T16:33:53+09:00,その他,Lovely Okaburi Mascot Series vol.3,lovelyokaburimascot_vol3,https://shop.hololivepro.com/products/lovelyokaburimascot_vol3,hololive production official shop,,24,550,9900,Generation_ホロライブ0期生 | Generation_ホロライブ5期生 | Group_ホロライブ | LovelyOkaburi | Recommended_MERCH | Talent_さくらみこ | Talent_獅白ぼたん | Talent_雪花ラミィ | 再販
2025-04-15T09:50:03+09:00,誕生日記念,音乃瀬奏 誕生日記念2025,otonosekanade_birthday_2025,https://shop.hololivepro.com/products/otonosekanade_birthday_2025,Otonose Kanade,,5,3300,18150,Generation_ReGLOSS | Group_hololiveDEV_IS | Recommended_MERCH | Talent_音乃瀬奏 | 受注生産商品
2025-04-15T10:33:39+09:00,LIVE/イベント物販,hololive OFFICIAL CARD GAMEオフィシャルホロカストレージボックス 6th fes.,hololiveofficialcardgame_storagebox_6thfes,https://shop.hololivepro.com/products/hololiveofficialcardgame_storagebox_6thfes,hololive production official shop,,3,880,880,_ng_with_normal_group:hcg2409 | addons:shipment:ignore_order | hololiveofficialcardgame | Recommended_MERCH
2025-04-15T11:02:29+09:00,カード/書籍,hololive OFFICIAL CARD GAME オフィシャルホロカコレクション-PCセット-,hololiveofficialcardgame_holocardcollection_pcset,https://shop.hololivepro.com/products/hololiveofficialcardgame_holocardcollection_pcset,hololive production official shop,,1,4950,4950,_ng_with_normal_group:hcg2409 | addons:shipment:ignore_order | hololiveofficialcardgame | Recommended_MERCH
2025-04-15T12:27:12+09:00,復刻/再販売,【再販売】FLOW GLOW デビュー記念,flowglow_debut_rerun,https://shop.hololivepro.com/products/flowglow_debut_rerun,hololive FLOW GLOW,,7,1650,3300,Generation_FLOWGLOW | Group_hololiveDEV_IS | Recommended_MERCH | Talent_水宮枢 | Talent_綺々羅々ヴィヴィ | Talent_虎金妃笑虎 | Talent_輪堂千速 | Talent_響咲リオナ
2025-04-15T15:37:34+09:00,誕生日記念,万象院ハッカ 誕生日記念2025,banzoinhakka_birthday_2025,https://shop.hololivepro.com/products/banzoinhakka_birthday_2025,Banzoin Hakka,,7,0,16500,Generation_TEMPUS | Group_ホロスターズEnglish | Recommended_MERCH | Talent_万象院ハッカ | 受注生産商品
2025-04-17T17:39:29+09:00,誕生日記念,エリザベス・ローズ・ブラッドフレイム 誕生日記念2025,elizabethrosebloodflame_birthday_2025,https://shop.hololivepro.com/products/elizabethrosebloodflame_birthday_2025,Elizabeth Rose Bloodflame,,10,0,14410,Generation_hololiveEnglish-Justice- | Group_ホロライブEnglish | Recommended_MERCH | Recommended_デジタルコンテンツ | Talent_エリザベス・ローズ・ブラッドフレイム | デジタルコンテンツ | 受注生産商品
2025-04-18T11:39:23+09:00,その他,宝鐘マリン クマリンまみれグッズ,houshoumarine_houshoubearineallover,https://shop.hololivepro.com/products/houshoumarine_houshoubearineallover,Houshou Marine,,6,0,20130,Generation_ホロライブ3期生 | Group_ホロライブ | Recommended_MERCH | Talent_宝鐘マリン | 受注生産商品
2025-04-18T18:04:08+09:00,シリーズ/アパレル,holoAnimArt vol.1,holoanimart_vol1,https://shop.hololivepro.com/products/holoanimart_vol1,hololive production official shop,,36,1650,4950,Generation_ホロライブ1期生 | Generation_ホロライブゲーマーズ | Group_ホロライブ | holoAnimArt | Recommended_MERCH | Talent_大神ミオ | Talent_戌神ころね | Talent_猫又おかゆ | Talent_白上フブキ | 再販
2025-04-21T14:14:20+09:00,その他,大神ミオ 2nd Album『My Sparkle』完全生産限定盤,ookamimio_2ndalbum_mysparkle_limited,https://shop.hololivepro.com/products/ookamimio_2ndalbum_mysparkle_limited,Ookami Mio,,1,7700,7700,_ng_with_normal_group:OokamiMio2ndAlbum | CD | Generation_ホロライブゲーマーズ | Group_ホロライブ | ookamimio_2ndalbum | Recommended_MERCH | Talent_大神ミオ
2025-04-21T15:13:44+09:00,その他,大神ミオ 2nd Album『My Sparkle』通常盤（初回生産分）,ookamimio_2ndalbum_mysparkle_regular,https://shop.hololivepro.com/products/ookamimio_2ndalbum_mysparkle_regular,Ookami Mio,,2,0,3300,_group:OokamiMio2ndAlbum | CD | Generation_ホロライブゲーマーズ | Group_ホロライブ | ookamimio_2ndalbum | Recommended_MERCH | Talent_大神ミオ
2025-04-23T16:22:53+09:00,周年/記念,影山シエン 活動5周年記念,kageyamashien_anniversary_5th,https://shop.hololivepro.com/products/kageyamashien_anniversary_5th,Kageyama Shien,,6,0,9350,Generation_ホロスターズ3期生 | Group_ホロスターズ | Recommended_MERCH | Talent_影山シエン | 受注生産商品
2025-04-23T17:16:03+09:00,周年/記念,荒咬オウガ 活動5周年記念,aragamioga_anniversary_5th,https://shop.hololivepro.com/products/aragamioga_anniversary_5th,Aragami Oga,,7,0,13200,Generation_ホロスターズ3期生 | Group_ホロスターズ | Recommended_MERCH | Talent_荒咬オウガ | 受注生産商品
2025-04-23T23:12:04+09:00,その他,FUWAMOCO 100万人記念,fuwamoco_subscribers_1m,https://shop.hololivepro.com/products/fuwamoco_subscribers_1m,FUWAMOCO,,10,0,15455,Generation_hololiveEnglish-Advent- | Group_ホロライブEnglish | Recommended_MERCH | Recommended_デジタルコンテンツ | Talent_フワワ・アビスガード | Talent_モココ・アビスガード | デジタルコンテンツ | フワモコ | 受注生産商品
2025-04-24T09:49:57+09:00,その他,hololive Magazine Series -Spotlight- vol.4,hololivemagazine_spotlight_vol4,https://shop.hololivepro.com/products/hololivemagazine_spotlight_vol4,hololive production official shop,,8,550,3850,Generation_ホロライブ2期生 | Generation_ホロライブ4期生 | Group_ホロライブ | hololive_magazine_spotlight | Recommended_MERCH | Talent_大空スバル | Talent_常闇トワ
2025-04-25T11:38:46+09:00,その他,さくらみこ1st Live “flower fantasista!” Blu-ray,sakuramiko_1stlive_flowerfantasista_bluray,https://shop.hololivepro.com/products/sakuramiko_1stlive_flowerfantasista_bluray,Sakura Miko,,1,9900,9900,Generation_ホロライブ0期生 | Group_ホロライブ | Recommended_MERCH | Talent_さくらみこ | 受注生産商品
2025-04-25T16:50:06+09:00,誕生日記念,シオリ・ノヴェラ 誕生日記念2025,shiorinovella_birthday_2025,https://shop.hololivepro.com/products/shiorinovella_birthday_2025,Shiori Novella,,9,0,17600,Generation_hololiveEnglish-Advent- | Group_ホロライブEnglish | Recommended_MERCH | Talent_シオリ・ノヴェラ | 受注生産商品
2025-04-25T17:09:30+09:00,その他,ホロスターズEnglish -TEMPUS- Gala,holostarsentempus_gala,https://shop.hololivepro.com/products/holostarsentempus_gala,HOLOSTARS English,,19,550,3300,Generation_TEMPUS | Group_ホロスターズEnglish | Recommended_MERCH | Talent_アクセル・シリオス | Talent_ガビス・ベッテル | Talent_マキナ・X・フレオン | Talent_リージス・アルテア | Talent_万象院ハッカ | Talent_定水寺シンリ | 受注生産商品
2025-04-25T18:29:20+09:00,その他,博衣こより 新衣装記念2025,hakuikoyori_newoutfit_2025,https://shop.hololivepro.com/products/hakuikoyori_newoutfit_2025,Hakui Koyori,,6,0,10560,Generation_秘密結社holoX | Group_ホロライブ | Recommended_MERCH | Recommended_デジタルコンテンツ | Talent_博衣こより | デジタルコンテンツ | 受注生産商品
2025-04-27T23:39:19+09:00,その他,ホロライブEnglish「ENigmatic Recollection」2章記念グッズ,hololiveen_enigmaticrecollection_chapter2,https://shop.hololivepro.com/products/hololiveen_enigmaticrecollection_chapter2,hololive English,,9,440,4400,enigmaticrecollection | Generation_hololiveEnglish-Council- | Generation_hololiveEnglish-Promise- | Group_ホロライブEnglish | Recommended_MERCH | Talent_IRyS | Talent_オーロ・クロニー | Talent_ハコス・ベールズ | 受注生産商品
2025-04-28T11:35:21+09:00,ボイス,スターティングボイス 春先のどか アナウンサーVer.,startingvoice_harusakinodoka_presenterver,https://shop.hololivepro.com/products/startingvoice_harusakinodoka_presenterver,hololive production official shop,,2,1000,1000,Dis_official | hololiveoffice | Recommended_デジタルコンテンツ | startingvoice | Talent_春先のどか | デジタルのみ | デジタルコンテンツ
2025-04-30T09:39:14+09:00,その他,FLOW GLOW's MIXTAPE 01,hololivedevisflowglow_mixtape_01,https://shop.hololivepro.com/products/hololivedevisflowglow_mixtape_01,hololive FLOW GLOW,,9,550,8250,flowglow_mixtape | Generation_FLOWGLOW | Group_hololiveDEV_IS | Recommended_MERCH | Talent_水宮枢 | Talent_綺々羅々ヴィヴィ | Talent_虎金妃笑虎 | Talent_輪堂千速 | Talent_響咲リオナ
2025-04-30T10:50:04+09:00,その他,ネリッサ・レイヴンクロフト 85万人記念,nerissaravencroft_subscribers_850k,https://shop.hololivepro.com/products/nerissaravencroft_subscribers_850k,Nerissa Ravencroft,,9,0,16610,Generation_hololiveEnglish-Advent- | Group_ホロライブEnglish | Recommended_MERCH | Talent_ネリッサ・レイヴンクロフト | 受注生産商品
2025-04-30T21:16:26+09:00,ボイス,ホロライブ どっちが好き？甘え♡甘やかしボイス,hololive_topamperortobepampered,https://shop.hololivepro.com/products/hololive_topamperortobepampered,hololive production official shop,,49,1000,16000,Generation_FLOWGLOW | Generation_hololiveEnglish-Advent- | Generation_hololiveEnglish-Council- | Generation_hololiveEnglish-Justice- | Generation_hololiveEnglish-Promise- | Generation_ホロライブ0期生 | Generation_ホロライブ1期生 | Generation_ホロライブ2期生 | Generation_ホロライブ3期生 | Generation_ホロライブ5期生 | Generation_ホロライブインドネシア1期生 | Generation_ホロライブインドネシア2期生 | Generation_ホロライブインドネシア3期生 | Generation_秘密結社holoX | Group_hololiveDEV_IS | Group_ホロライブ | Group_ホロライブEnglish | Group_ホロライブインドネシア | Recommended_デジタルコンテンツ | Talent_AZKi | Talent_こぼ・かなえる | Talent_アイラニ・イオフィフティーン | Talent_アユンダ・リス | Talent_エリザベス・ローズ・ブラッドフレイム | Talent_オーロ・クロニー | Talent_クレイジー・オリー | Talent_ジジ・ムリン | Talent_ネリッサ・レイヴンクロフト | Talent_ハコス・ベールズ | Talent_フワワ・アビスガード | Talent_ベスティア・ゼータ | Talent_モココ・アビスガード | Talent_ラオーラ・パンテーラ | Talent_ラプラス・ダークネス | Talent_ロボ子さん | Talent_博衣こより | Talent_古石ビジュー | Talent_夏色まつり | Talent_尾丸ポルカ | Talent_桃鈴ねね | Talent_水宮枢 | Talent_癒月ちょこ | Talent_白銀ノエル | Talent_百鬼あやめ | Talent_綺々羅々ヴィヴィ | Talent_虎金妃笑虎 | Talent_輪堂千速 | Talent_雪花ラミィ | Talent_響咲リオナ | デジタルのみ | デジタルコンテンツ
2025-05-01T09:44:18+09:00,復刻/再販売,がうる・ぐら グッズ 復刻販売,gawrgura_merch_rereleased,https://shop.hololivepro.com/products/gawrgura_merch_rereleased,Gawr Gura,,2,1870,3850,Generation_hololiveEnglish-Myth- | Group_ホロライブEnglish | Recommended_MERCH | Talent_がうる・ぐら | 受注生産商品
2025-05-01T12:27:56+09:00,hololive friends,hololive friends with u 夏色まつり セットアップ私服衣装,natsuiromatsuri_hololivefriendswithu_semiformaloutfit,https://shop.hololivepro.com/products/natsuiromatsuri_hololivefriendswithu_semiformaloutfit,Natsuiro Matsuri,,1,3740,3740,Generation_ホロライブ1期生 | Group_ホロライブ | hololivefriends | Recommended_MERCH | Recommended_定番商品 | Talent_夏色まつり
2025-05-01T12:40:10+09:00,hololive friends,hololive friends with u 百鬼あやめ ガーリー衣装,nakiriayame_hololivefriendswithu_girlyoutfit,https://shop.hololivepro.com/products/nakiriayame_hololivefriendswithu_girlyoutfit,Nakiri Ayame,,1,3740,3740,Generation_ホロライブ2期生 | Group_ホロライブ | hololivefriends | Recommended_MERCH | Recommended_定番商品 | Talent_百鬼あやめ
2025-05-01T12:50:01+09:00,hololive friends,hololive friends with u 癒月ちょこ お忍び衣装,yuzukichoco_hololivefriendswithu_secretdayoffoutfit,https://shop.hololivepro.com/products/yuzukichoco_hololivefriendswithu_secretdayoffoutfit,Yuzuki Choco,,1,3740,3740,Generation_ホロライブ2期生 | Group_ホロライブ | hololivefriends | Recommended_MERCH | Recommended_定番商品 | Talent_癒月ちょこ
2025-05-01T13:33:56+09:00,hololive friends,hololive friends with u 天音かなた お仕事衣装,amanekanata_hololivefriendswithu_workoutfit,https://shop.hololivepro.com/products/amanekanata_hololivefriendswithu_workoutfit,Amane Kanata,,1,3740,3740,Generation_ホロライブ4期生 | Group_ホロライブ | hololivefriends | Recommended_MERCH | Recommended_定番商品 | Talent_天音かなた
2025-05-01T13:42:23+09:00,hololive friends,hololive friends with u ラプラス・ダークネス 私服衣装,laplusdarknesss_hololivefriendswithu_casualoutfit,https://shop.hololivepro.com/products/laplusdarknesss_hololivefriendswithu_casualoutfit,La+ Darknesss,,1,3740,3740,Generation_秘密結社holoX | Group_ホロライブ | hololivefriends | Recommended_MERCH | Recommended_定番商品 | Talent_ラプラス・ダークネス
2025-05-02T09:55:35+09:00,誕生日記念,羽継烏有 誕生日記念2025,utsugiuyu_birthday_2025,https://shop.hololivepro.com/products/utsugiuyu_birthday_2025,Utsugi Uyu,,6,0,7480,Generation_UPROAR‼︎ | Group_ホロスターズ | Recommended_MERCH | Talent_羽継烏有 | 受注生産商品
2025-05-07T09:53:33+09:00,誕生日記念,ラオーラ・パンテーラ 誕生日記念2025,raorapanthera_birthday_2025,https://shop.hololivepro.com/products/raorapanthera_birthday_2025,Raora Panthera,,10,0,15730,Generation_hololiveEnglish-Justice- | Group_ホロライブEnglish | Recommended_MERCH | Recommended_デジタルコンテンツ | Talent_ラオーラ・パンテーラ | デジタルコンテンツ | 受注生産商品
2025-05-07T10:05:50+09:00,誕生日記念,一条莉々華 誕生日記念2025,ichijouririka_birthday_2025,https://shop.hololivepro.com/products/ichijouririka_birthday_2025,Ichijou Ririka,,9,0,12100,Generation_ReGLOSS | Group_hololiveDEV_IS | Recommended_MERCH | Recommended_デジタルコンテンツ | Talent_一条莉々華 | デジタルコンテンツ | 受注生産商品
2025-05-08T13:09:27+09:00,LIVE/イベント物販,hololive English 2nd Concert -Breaking Dimensions- Blu-ray,hololiveen_2ndconcertbreakingdimensions_bluray,https://shop.hololivepro.com/products/hololiveen_2ndconcertbreakingdimensions_bluray,hololive English,,1,9900,9900,Generation_hololiveEnglish-Advent- | Generation_hololiveEnglish-Council- | Generation_hololiveEnglish-Justice- | Generation_hololiveEnglish-Myth- | Generation_hololiveEnglish-Promise- | Group_ホロライブEnglish | Recommended_MERCH | Talent_IRyS | Talent_がうる・ぐら | Talent_オーロ・クロニー | Talent_シオリ・ノヴェラ | Talent_ジジ・ムリン | Talent_セレス・ファウナ | Talent_ネリッサ・レイヴンクロフト | Talent_ハコス・ベールズ | Talent_フワワ・アビスガード | Talent_モココ・アビスガード | Talent_ラオーラ・パンテーラ | Talent_ワトソン・アメリア | Talent_一伊那尓栖 | Talent_七詩ムメイ | Talent_古石ビジュー | Talent_小鳥遊キアラ | Talent_森カリオペ | 受注生産商品
2025-05-08T22:14:00+09:00,その他,魔法少女ホロウィッチ！ 新メンバー加入グッズ,hololive_holowitches_goodsfornewmembers,https://shop.hololivepro.com/products/hololive_holowitches_goodsfornewmembers,hololive production official shop,,4,1980,6600,Generation_ホロライブ1期生 | Generation_ホロライブ5期生 | Generation_ホロライブゲーマーズ | Group_ホロライブ | holowitches | HW2025 | Recommended_MERCH | Talent_白上フブキ | Talent_雪花ラミィ
2025-05-08T22:47:17+09:00,ボイス,ホロライブ 日常ささやき「モチベーションを上げてくれる」ボイス,hololive_asmr_gentlemotivationforyou,https://shop.hololivepro.com/products/hololive_asmr_gentlemotivationforyou,hololive production official shop,,18,1000,17000,Generation_FLOWGLOW | Generation_ReGLOSS | Generation_ホロライブ0期生 | Generation_ホロライブ2期生 | Generation_ホロライブ3期生 | Generation_ホロライブ5期生 | Generation_秘密結社holoX | Group_hololiveDEV_IS | Group_ホロライブ | Recommended_デジタルコンテンツ | Talent_AZKi | Talent_ラプラス・ダークネス | Talent_ロボ子さん | Talent_一条莉々華 | Talent_儒烏風亭らでん | Talent_博衣こより | Talent_尾丸ポルカ | Talent_桃鈴ねね | Talent_水宮枢 | Talent_火威青 | Talent_癒月ちょこ | Talent_白銀ノエル | Talent_綺々羅々ヴィヴィ | Talent_虎金妃笑虎 | Talent_輪堂千速 | Talent_雪花ラミィ | Talent_響咲リオナ | デジタルのみ | デジタルコンテンツ
2025-05-09T10:46:36+09:00,誕生日記念,ときのそら 誕生日記念2025,tokinosora_birthday_2025,https://shop.hololivepro.com/products/tokinosora_birthday_2025,Tokino sora,,8,0,14300,Generation_ホロライブ0期生 | Group_ホロライブ | Recommended_MERCH | Recommended_デジタルコンテンツ | Talent_ときのそら | デジタルコンテンツ | 受注生産商品
2025-05-12T14:32:28+09:00,その他,星街すいせい メンバー限定カレンダー2025,hoshimachisuisei_membersonly_2025calendar,https://shop.hololivepro.com/products/hoshimachisuisei_membersonly_2025calendar,Hoshimachi Suisei,,1,2530,2530,__yt_checkout | Generation_ホロライブ0期生 | Group_ホロライブ | Recommended_MERCH | Talent_星街すいせい | 受注生産商品
2025-05-12T22:05:42+09:00,誕生日記念,ガビス・ベッテル 誕生日記念2025,gavisbettel_birthday_2025,https://shop.hololivepro.com/products/gavisbettel_birthday_2025,Gavis Bettel,,8,0,8580,Generation_TEMPUS | Group_ホロスターズEnglish | Recommended_MERCH | Talent_ガビス・ベッテル | 受注生産商品
2025-05-14T15:52:52+09:00,その他,【2次受注】大神ミオ 2nd Album『My Sparkle』完全生産限定盤,ookamimio_2ndalbum_mysparkle_limited_secondary,https://shop.hololivepro.com/products/ookamimio_2ndalbum_mysparkle_limited_secondary,Ookami Mio,,1,7700,7700,_ng_with_normal_group:OokamiMio2ndAlbum | CD | Generation_ホロライブゲーマーズ | Group_ホロライブ | ookamimio_2ndalbum | Recommended_MERCH | Talent_大神ミオ | 受注生産商品
2025-05-14T17:33:17+09:00,誕生日記念,一伊那尓栖 誕生日記念2025,ninomaeinanis_birthday_2025,https://shop.hololivepro.com/products/ninomaeinanis_birthday_2025,Ninomae Ina'nis,,9,0,11880,Generation_hololiveEnglish-Myth- | Group_ホロライブEnglish | Recommended_MERCH | Talent_一伊那尓栖 | 受注生産商品
2025-05-15T14:19:46+09:00,LIVE/イベント物販,【再販売】「hololive English 2nd Concert -Breaking Dimensions-」 ライブグッズ,hololiveen_2ndconcertbreakingdimensions_resale,https://shop.hololivepro.com/products/hololiveen_2ndconcertbreakingdimensions_resale,hololive English,,3,2500,4000,Generation_hololiveEnglish-Advent- | Generation_hololiveEnglish-Council- | Generation_hololiveEnglish-Justice- | Generation_hololiveEnglish-Myth- | Generation_hololiveEnglish-Promise- | Group_ホロライブEnglish | Recommended_MERCH | Talent_IRyS | Talent_がうる・ぐら | Talent_オーロ・クロニー | Talent_シオリ・ノヴェラ | Talent_ジジ・ムリン | Talent_セレス・ファウナ | Talent_ネリッサ・レイヴンクロフト | Talent_ハコス・ベールズ | Talent_フワワ・アビスガード | Talent_モココ・アビスガード | Talent_ラオーラ・パンテーラ | Talent_ワトソン・アメリア | Talent_一伊那尓栖 | Talent_七詩ムメイ | Talent_古石ビジュー | Talent_小鳥遊キアラ | Talent_森カリオペ
2025-05-16T09:38:07+09:00,シリーズ/アパレル,holoAnimArt vol.2,holoanimart_vol2,https://shop.hololivepro.com/products/holoanimart_vol2,hololive production official shop,,18,1650,4950,Generation_秘密結社holoX | Group_ホロライブ | holoAnimArt | Recommended_MERCH | Talent_博衣こより | Talent_鷹嶺ルイ | 再販
2025-05-16T10:18:55+09:00,誕生日記念,ロボ子さん 誕生日記念2025,robocosan_birthday_2025,https://shop.hololivepro.com/products/robocosan_birthday_2025,Robocosan,,11,0,15950,Generation_ホロライブ0期生 | Group_ホロライブ | Recommended_MERCH | Recommended_デジタルコンテンツ | Talent_ロボ子さん | デジタルコンテンツ | 受注生産商品
2025-05-16T16:36:34+09:00,誕生日記念,ラプラス・ダークネス 誕生日記念2025,la-darknesss_birthday_2025,https://shop.hololivepro.com/products/la-darknesss_birthday_2025,La+ Darknesss,,6,0,11660,Generation_秘密結社holoX | Group_ホロライブ | Recommended_MERCH | Talent_ラプラス・ダークネス | 受注生産商品
2025-05-19T06:40:39+09:00,ボイス,白銀ノエル「お隣はノエちゃんち」ASMRボイス,shiroganenoel_asmr_yourneighbornoechan,https://shop.hololivepro.com/products/shiroganenoel_asmr_yourneighbornoechan,Shirogane Noel,,5,1000,7000,Generation_ホロライブ3期生 | Group_ホロライブ | Recommended_デジタルコンテンツ | Talent_白銀ノエル | デジタルのみ | デジタルコンテンツ
2025-05-19T23:39:32+09:00,hololive friends,hololive friends Meets 兎田ぺこら/モンスターハンター EXウルムーα装備,usadapekora_hololivefriendsmeets_monsterhunter,https://shop.hololivepro.com/products/usadapekora_hololivefriendsmeets_monsterhunter,Usada Pekora,,1,4400,4400,Generation_ホロライブ3期生 | Group_ホロライブ | hololivefriendsmeets | monsterhunter | Recommended_MERCH | Recommended_まもなく終了 | Talent_兎田ぺこら
2025-05-20T10:40:17+09:00,hololive friends,hololive friends Meets 白銀ノエル/モンスターハンター EXブラキウムβ装備,shiroganenoel_hololivefriendsmeets_monsterhunter,https://shop.hololivepro.com/products/shiroganenoel_hololivefriendsmeets_monsterhunter,Shirogane Noel,,1,4400,4400,Generation_ホロライブ3期生 | Group_ホロライブ | hololivefriendsmeets | monsterhunter | Recommended_MERCH | Recommended_まもなく終了 | Talent_白銀ノエル
2025-05-20T10:44:02+09:00,hololive friends,hololive friends Meets 姫森ルーナ/モンスターハンター カイザーα装備,himemoriluna_hololivefriendsmeets_monsterhunter,https://shop.hololivepro.com/products/himemoriluna_hololivefriendsmeets_monsterhunter,Himemori Luna,,1,4400,4400,Generation_ホロライブ4期生 | Group_ホロライブ | hololivefriendsmeets | monsterhunter | Recommended_MERCH | Recommended_まもなく終了 | Talent_姫森ルーナ
2025-05-20T10:48:46+09:00,hololive friends,hololive friends Meets 雪花ラミィ/モンスターハンター EXラヴィーナβ装備,yukihanalamy_hololivefriendsmeets_monsterhunter,https://shop.hololivepro.com/products/yukihanalamy_hololivefriendsmeets_monsterhunter,Yukihana Lamy,,1,4400,4400,Generation_ホロライブ5期生 | Group_ホロライブ | hololivefriendsmeets | monsterhunter | Recommended_MERCH | Recommended_まもなく終了 | Talent_雪花ラミィ
2025-05-20T10:52:14+09:00,hololive friends,hololive friends Meets 風真いろは/モンスターハンター キリンγ装備,kazamairoha_hololivefriendsmeets_monsterhunter,https://shop.hololivepro.com/products/kazamairoha_hololivefriendsmeets_monsterhunter,Kazama Iroha,,1,4400,4400,Generation_秘密結社holoX | Group_ホロライブ | hololivefriendsmeets | monsterhunter | Recommended_MERCH | Recommended_まもなく終了 | Talent_風真いろは
2025-05-21T15:06:54+09:00,その他,hololive Magazine Series -Spotlight- vol.5,hololivemagazine_spotlight_vol5,https://shop.hololivepro.com/products/hololivemagazine_spotlight_vol5,hololive production official shop,,8,550,3850,Generation_ホロライブ0期生 | Group_ホロライブ | hololive_magazine_spotlight | Recommended_MERCH | Talent_さくらみこ | Talent_星街すいせい
2025-05-22T16:24:51+09:00,LIVE/イベント物販,【2次販売】猫又おかゆ 2nd Live.「ぺるそにゃ～りすぺくと」ライブグッズ,nekomataokayu_2ndlive_personyarespect_secondarysales,https://shop.hololivepro.com/products/nekomataokayu_2ndlive_personyarespect_secondarysales,Nekomata Okayu,,11,0,11800,Generation_ホロライブゲーマーズ | Group_ホロライブ | nekomataokayu_2ndlive | Recommended_MERCH | Talent_猫又おかゆ | 受注生産商品
2025-05-22T17:26:17+09:00,誕生日記念,響咲リオナ 誕生日記念2025,isakiriona_birthday_2025,https://shop.hololivepro.com/products/isakiriona_birthday_2025,Isaki Riona,,10,0,14630,Generation_FLOWGLOW | Group_hololiveDEV_IS | Recommended_MERCH | Recommended_デジタルコンテンツ | Talent_響咲リオナ | デジタルコンテンツ | 受注生産商品
2025-05-26T09:41:48+09:00,周年/記念,hololive 1st Generation Anniversary Parade,hololivegen1_anniversary_2025,https://shop.hololivepro.com/products/hololivegen1_anniversary_2025,hololive production official shop,,10,1320,3850,AnniversaryParade | Generation_ホロライブ1期生 | Generation_ホロライブゲーマーズ | Group_ホロライブ | Recommended_MERCH | Talent_アキ・ローゼンタール | Talent_夏色まつり | Talent_白上フブキ | Talent_赤井はあと | 受注生産商品
2025-05-26T11:41:59+09:00,LIVE/イベント物販,【先行発送】Amane Kanata 1st Solo Live “LOCK ON” ライブグッズ,amanekanata_lockon_advancedshipping,https://shop.hololivepro.com/products/amanekanata_lockon_advancedshipping,Amane Kanata,,7,0,10800,_ng_with_normal_group:AmaneKanata2ndAlbum | amanekanata_1stlive | Generation_ホロライブ4期生 | Group_ホロライブ | Recommended_MERCH | Talent_天音かなた
2025-05-26T13:18:25+09:00,LIVE/イベント物販,【受注販売】Amane Kanata 1st Solo Live “LOCK ON” ライブグッズ,amanekanata_lockon_madetoorder,https://shop.hololivepro.com/products/amanekanata_lockon_madetoorder,Amane Kanata,,3,2420,5940,amanekanata_1stlive | Generation_ホロライブ4期生 | Group_ホロライブ | Recommended_MERCH | Talent_天音かなた | 受注生産商品
2025-05-26T16:57:08+09:00,ボイス,ホロライブ ジューンブライドボイス2025,hololive_junebridevoice2025,https://shop.hololivepro.com/products/hololive_junebridevoice2025,hololive production official shop,,96,500,25000,Generation_FLOWGLOW | Generation_hololiveEnglish-Advent- | Generation_hololiveEnglish-Council- | Generation_hololiveEnglish-Justice- | Generation_hololiveEnglish-Promise- | Generation_ReGLOSS | Generation_ホロライブ0期生 | Generation_ホロライブ2期生 | Generation_ホロライブ3期生 | Generation_ホロライブ4期生 | Generation_ホロライブ5期生 | Generation_ホロライブインドネシア1期生 | Generation_ホロライブインドネシア2期生 | Generation_ホロライブインドネシア3期生 | Generation_秘密結社holoX | Group_hololiveDEV_IS | Group_ホロライブ | Group_ホロライブEnglish | Group_ホロライブインドネシア | Recommended_デジタルコンテンツ | Talent_AZKi | Talent_IRyS | Talent_こぼ・かなえる | Talent_アイラニ・イオフィフティーン | Talent_アユンダ・リス | Talent_エリザベス・ローズ・ブラッドフレイム | Talent_オーロ・クロニー | Talent_カエラ・コヴァルスキア | Talent_クレイジー・オリー | Talent_シオリ・ノヴェラ | Talent_ジジ・ムリン | Talent_ネリッサ・レイヴンクロフト | Talent_ハコス・ベールズ | Talent_フワワ・アビスガード | Talent_ムーナ・ホシノヴァ | Talent_モココ・アビスガード | Talent_ラオーラ・パンテーラ | Talent_ロボ子さん | Talent_一条莉々華 | Talent_不知火フレア | Talent_博衣こより | Talent_天音かなた | Talent_宝鐘マリン | Talent_尾丸ポルカ | Talent_桃鈴ねね | Talent_水宮枢 | Talent_癒月ちょこ | Talent_白銀ノエル | Talent_百鬼あやめ | Talent_綺々羅々ヴィヴィ | Talent_虎金妃笑虎 | Talent_輪堂千速 | Talent_轟はじめ | Talent_雪花ラミィ | Talent_響咲リオナ | デジタルのみ | デジタルコンテンツ
2025-05-26T21:47:24+09:00,周年/記念,赤井はあと 活動7周年記念,akaihaato_anniversary_7th,https://shop.hololivepro.com/products/akaihaato_anniversary_7th,Akai Haato,,7,0,14190,Generation_ホロライブ1期生 | Group_ホロライブ | Recommended_MERCH | Talent_赤井はあと | 受注生産商品
2025-05-26T22:10:45+09:00,カード/書籍,hololive OFFICIAL CARD GAME ブースターパック「キュリアスユニバース」,hololiveofficialcardgame_hbp04,https://shop.hololivepro.com/products/hololiveofficialcardgame_hbp04,hololive production official shop,,1,5280,5280,_ng_with_normal_group:hcg2409 | addons:shipment:ignore_order | hololiveofficialcardgame | Recommended_MERCH | 再販
2025-05-26T22:33:09+09:00,カード/書籍,hololive OFFICIAL CARD GAME オフィシャルホロカケース vol.8〜vol.11,hololiveofficialcardgame_cardcase_vol8-11,https://shop.hololivepro.com/products/hololiveofficialcardgame_cardcase_vol8-11,hololive production official shop,,4,880,880,_ng_with_normal_group:hcg2409 | addons:shipment:ignore_order | hololiveofficialcardgame | Recommended_MERCH
2025-05-26T23:07:22+09:00,カード/書籍,hololive OFFICIAL CARD GAME オフィシャルホロカスリーブ vol.13〜vol.16,hololiveofficialcardgame_cardsleeve_vol13-16,https://shop.hololivepro.com/products/hololiveofficialcardgame_cardsleeve_vol13-16,hololive production official shop,,4,990,990,_ng_with_normal_group:hcg2409 | addons:shipment:ignore_order | hololiveofficialcardgame | Recommended_MERCH
2025-05-27T16:10:43+09:00,周年/記念,夏色まつり 活動7周年記念,natsuiromatsuri_anniversary_7th,https://shop.hololivepro.com/products/natsuiromatsuri_anniversary_7th,Natsuiro Matsuri,,8,0,17600,Generation_ホロライブ1期生 | Group_ホロライブ | Recommended_MERCH | Recommended_デジタルコンテンツ | Talent_夏色まつり | デジタルコンテンツ | 受注生産商品
2025-05-27T16:30:54+09:00,周年/記念,白上フブキ 活動7周年記念,shirakamifubuki_anniversary_7th,https://shop.hololivepro.com/products/shirakamifubuki_anniversary_7th,Shirakami Fubuki,,5,0,18700,Generation_ホロライブ1期生 | Generation_ホロライブゲーマーズ | Group_ホロライブ | Recommended_MERCH | Talent_白上フブキ | 受注生産商品
2025-05-28T11:27:13+09:00,シリーズ/アパレル,hololive Seasonal Days ジューンブライド ～Something blue～,hololive_seasonaldays_junebride,https://shop.hololivepro.com/products/hololive_seasonaldays_junebride,hololive production official shop,,15,660,4950,Generation_FLOWGLOW | Generation_ReGLOSS | Generation_ホロライブ4期生 | Generation_ホロライブ5期生 | Generation_ホロライブインドネシア3期生 | Group_hololiveDEV_IS | Group_ホロライブ | Group_ホロライブインドネシア | hololive_seasonaldays | Recommended_MERCH | Talent_ベスティア・ゼータ | Talent_天音かなた | Talent_火威青 | Talent_輪堂千速 | Talent_雪花ラミィ
2025-05-28T15:23:30+09:00,誕生日記念,マキナ・X・フレオン 誕生日記念2025,machinaxflayon_birthday_2025,https://shop.hololivepro.com/products/machinaxflayon_birthday_2025,Machina X Flayon,,7,0,20680,Generation_TEMPUS | Group_ホロスターズEnglish | Recommended_MERCH | Recommended_デジタルコンテンツ | Talent_マキナ・X・フレオン | デジタルコンテンツ | 受注生産商品
2025-05-30T16:20:03+09:00,LIVE/イベント物販,hololive STAGE World Tour ‘25 -Synchronize!- ライブグッズ,hololivestage_worldtour25,https://shop.hololivepro.com/products/hololivestage_worldtour25,hololive production official shop,,5,1650,4400,Generation_hololiveEnglish-Advent- | Generation_hololiveEnglish-Myth- | Generation_hololiveEnglish-Promise- | Generation_ホロライブ5期生 | Generation_ホロライブインドネシア2期生 | Group_ホロライブ | Group_ホロライブEnglish | Group_ホロライブインドネシア | Recommended_MERCH | Talent_IRyS | Talent_クレイジー・オリー | Talent_ネリッサ・レイヴンクロフト | Talent_桃鈴ねね | Talent_森カリオペ | worldtour25_synchronize
2025-06-02T10:53:01+09:00,誕生日記念,轟はじめ 誕生日記念2025,todorokihajime_birthday_2025,https://shop.hololivepro.com/products/todorokihajime_birthday_2025,Todoroki Hajime,,7,0,18920,Generation_ReGLOSS | Group_hololiveDEV_IS | Recommended_MERCH | Recommended_デジタルコンテンツ | Talent_轟はじめ | デジタルコンテンツ | 受注生産商品
2025-06-02T11:38:19+09:00,その他,Situation hololive -Cafeteria Series- vol.1,hololive_situationhololive_cafeteriaseries_vol1,https://shop.hololivepro.com/products/hololive_situationhololive_cafeteriaseries_vol1,hololive production official shop,,24,550,4400,Generation_ホロライブ0期生 | Generation_ホロライブ5期生 | Group_ホロライブ | Recommended_MERCH | situationhololive | Talent_さくらみこ | Talent_尾丸ポルカ | Talent_星街すいせい | Talent_桃鈴ねね | Talent_獅白ぼたん | Talent_雪花ラミィ
2025-06-04T10:33:03+09:00,誕生日記念,角巻わため 誕生日記念2025,tsunomakiwatame_birthday_2025,https://shop.hololivepro.com/products/tsunomakiwatame_birthday_2025,Tsunomaki Watame,,8,0,19250,Generation_ホロライブ4期生 | Group_ホロライブ | Recommended_MERCH | Talent_角巻わため | 受注生産商品
2025-06-04T11:08:19+09:00,誕生日記念,アステル・レダ 誕生日記念2025,astelleda_birthday_2025,https://shop.hololivepro.com/products/astelleda_birthday_2025,Astel Leda,,8,0,12650,Generation_ホロスターズ2期生 | Group_ホロスターズ | Recommended_MERCH | Recommended_デジタルコンテンツ | Talent_アステル・レダ | デジタルコンテンツ | 受注生産商品
2025-06-04T15:25:41+09:00,その他,ホロmini ボーカルシリーズ ホロライブEnglish -Justice-,holomini_vocal_justice,https://shop.hololivepro.com/products/holomini_vocal_justice,hololive English,,13,550,2970,Generation_hololiveEnglish-Justice- | Group_ホロライブEnglish | holomini_vocal | Recommended_MERCH | Talent_エリザベス・ローズ・ブラッドフレイム | Talent_ジジ・ムリン | Talent_セシリア・イマーグリーン | Talent_ラオーラ・パンテーラ
2025-06-04T18:05:07+09:00,周年/記念,花咲みやび 活動6周年記念,hanasakimiyabi_anniversary_6th,https://shop.hololivepro.com/products/hanasakimiyabi_anniversary_6th,Hanasaki Miyabi,,8,0,9460,Generation_ホロスターズ1期生 | Group_ホロスターズ | Recommended_MERCH | Recommended_デジタルコンテンツ | Talent_花咲みやび | デジタルコンテンツ | 受注生産商品
2025-06-05T10:02:38+09:00,その他,ベスティア・ゼータ Secret Unitの日！2025,vestiazeta_secretunitday_2025,https://shop.hololivepro.com/products/vestiazeta_secretunitday_2025,Vestia Zeta,,9,0,11000,Generation_ホロライブインドネシア3期生 | Group_ホロライブインドネシア | Recommended_MERCH | Recommended_デジタルコンテンツ | Talent_ベスティア・ゼータ | デジタルコンテンツ | 受注生産商品
2025-06-05T13:25:06+09:00,その他,カエラ・コヴァルスキア Pemaloeの日記念2025,kaelakovalskia_pemaloeday_2025,https://shop.hololivepro.com/products/kaelakovalskia_pemaloeday_2025,Kaela Kovalskia,,6,0,14300,Generation_ホロライブインドネシア3期生 | Group_ホロライブインドネシア | Recommended_MERCH | Talent_カエラ・コヴァルスキア | 受注生産商品
2025-06-06T10:12:43+09:00,ボイス,ホロライブ 日常ささやき「待ち合わせ」ボイス,hololive_asmr_meetingupwithyou,https://shop.hololivepro.com/products/hololive_asmr_meetingupwithyou,hololive production official shop,,15,1000,14000,Generation_FLOWGLOW | Generation_ReGLOSS | Generation_ホロライブ0期生 | Generation_ホロライブ2期生 | Generation_ホロライブ3期生 | Generation_ホロライブ5期生 | Generation_秘密結社holoX | Group_hololiveDEV_IS | Group_ホロライブ | Recommended_デジタルコンテンツ | Talent_AZKi | Talent_ときのそら | Talent_ロボ子さん | Talent_一条莉々華 | Talent_博衣こより | Talent_尾丸ポルカ | Talent_桃鈴ねね | Talent_癒月ちょこ | Talent_白銀ノエル | Talent_綺々羅々ヴィヴィ | Talent_虎金妃笑虎 | Talent_輪堂千速 | Talent_雪花ラミィ | Talent_響咲リオナ | デジタルのみ | デジタルコンテンツ
2025-06-09T11:52:21+09:00,誕生日記念,鷹嶺ルイ 誕生日記念2025,takanelui_birthday_2025,https://shop.hololivepro.com/products/takanelui_birthday_2025,Takane Lui,,9,0,19250,Generation_秘密結社holoX | Group_ホロライブ | Recommended_MERCH | Talent_鷹嶺ルイ | 受注生産商品
2025-06-09T23:39:59+09:00,シリーズ/アパレル,holoAnimArt vol.3,holoanimart_vol3,https://shop.hololivepro.com/products/holoanimart_vol3,hololive production official shop,,36,1650,4950,Generation_ホロライブ3期生 | Generation_ホロライブ4期生 | Generation_ホロライブ5期生 | Group_ホロライブ | holoAnimArt | Recommended_MERCH | Talent_兎田ぺこら | Talent_尾丸ポルカ | Talent_獅白ぼたん | Talent_角巻わため
2025-06-10T09:56:36+09:00,周年/記念,奏手イヅル 活動6周年記念,kanadeizuru_anniversary_6th,https://shop.hololivepro.com/products/kanadeizuru_anniversary_6th,Kanade Izuru,,8,0,13200,Generation_ホロスターズ1期生 | Group_ホロスターズ | Recommended_MERCH | Recommended_デジタルコンテンツ | Talent_奏手イヅル | デジタルコンテンツ | 受注生産商品
2025-06-10T12:38:45+09:00,ボイス,【再販】ホロスターズ『ようこそCLUB HOLOSTARSへ』ボイス,holostars_agf2023_voice_rerun,https://shop.hololivepro.com/products/holostars_agf2023_voice_rerun,HOLOSTARS,,13,770,9240,Generation_UPROAR‼︎ | Generation_ホロスターズ1期生 | Generation_ホロスターズ2期生 | Generation_ホロスターズ3期生 | Group_ホロスターズ | Recommended_デジタルコンテンツ | Talent_アステル・レダ | Talent_アルランディス | Talent_夕刻ロベル | Talent_夜十神封魔 | Talent_奏手イヅル | Talent_岸堂天真 | Talent_影山シエン | Talent_律可 | Talent_水無世燐央 | Talent_羽継烏有 | Talent_花咲みやび | Talent_荒咬オウガ | デジタルのみ | デジタルコンテンツ
2025-06-10T15:17:52+09:00,その他,Amane Kanata 1st Solo Live “LOCK ON” デジタルメッセージボード,amanekanata_1stlive_digitalmessageboard,https://shop.hololivepro.com/products/amanekanata_1stlive_digitalmessageboard,Amane Kanata,,2,3000,6000,Generation_ホロライブ4期生 | Group_ホロライブ | Recommended_デジタルコンテンツ | Talent_天音かなた | デジタルのみ | デジタルコンテンツ
2025-06-10T22:17:22+09:00,ボイス,ホロスターズ マルチエンドボイス「Make your Story」,holostars_makeyourstory,https://shop.hololivepro.com/products/holostars_makeyourstory,HOLOSTARS,,13,1000,12000,Generation_UPROAR‼︎ | Generation_ホロスターズ1期生 | Generation_ホロスターズ2期生 | Generation_ホロスターズ3期生 | Group_ホロスターズ | Recommended_デジタルコンテンツ | Talent_アステル・レダ | Talent_アルランディス | Talent_夕刻ロベル | Talent_夜十神封魔 | Talent_奏手イヅル | Talent_岸堂天真 | Talent_影山シエン | Talent_律可 | Talent_水無世燐央 | Talent_羽継烏有 | Talent_花咲みやび | Talent_荒咬オウガ | デジタルのみ | デジタルコンテンツ
2025-06-10T22:48:54+09:00,誕生日記念,水宮枢 誕生日記念2025,mizumiyasu_birthday_2025,https://shop.hololivepro.com/products/mizumiyasu_birthday_2025,Mizumiya Su,,9,0,12100,Generation_FLOWGLOW | Group_hololiveDEV_IS | Recommended_MERCH | Recommended_デジタルコンテンツ | Talent_水宮枢 | デジタルコンテンツ | 受注生産商品
2025-06-11T09:44:28+09:00,誕生日記念,風真いろは 誕生日記念2025,kazamairoha_birthday_2025,https://shop.hololivepro.com/products/kazamairoha_birthday_2025,Kazama Iroha,,7,0,16170,Generation_秘密結社holoX | Group_ホロライブ | Recommended_MERCH | Talent_風真いろは | 受注生産商品
2025-06-12T09:39:05+09:00,周年/記念,ホロライブEnglish -Justice- 1周年記念,hololiveenjustice_anniversary_1st,https://shop.hololivepro.com/products/hololiveenjustice_anniversary_1st,hololive English,,7,440,6600,Generation_hololiveEnglish-Justice- | Group_ホロライブEnglish | Recommended_MERCH | Talent_エリザベス・ローズ・ブラッドフレイム | Talent_ジジ・ムリン | Talent_セシリア・イマーグリーン | Talent_ラオーラ・パンテーラ | 受注生産商品
2025-06-16T15:56:27+09:00,その他,風真いろは 100万人記念,kazamairoha_subscribers_1m,https://shop.hololivepro.com/products/kazamairoha_subscribers_1m,Kazama Iroha,,6,0,14410,Generation_秘密結社holoX | Group_ホロライブ | Recommended_MERCH | Talent_風真いろは | 受注生産商品
2025-06-16T16:16:06+09:00,シリーズ/アパレル,hololive Seasonal Days ジューンブライド ～Something blue～ 等身大タペストリー,hololive_seasonaldays_junebride_lifesizetapestry,https://shop.hololivepro.com/products/hololive_seasonaldays_junebride_lifesizetapestry,hololive production official shop,,5,11000,11000,Generation_FLOWGLOW | Generation_ReGLOSS | Generation_ホロライブ4期生 | Generation_ホロライブ5期生 | Generation_ホロライブインドネシア3期生 | Group_hololiveDEV_IS | Group_ホロライブ | Group_ホロライブインドネシア | hololive_seasonaldays | Recommended_MERCH | Talent_ベスティア・ゼータ | Talent_天音かなた | Talent_火威青 | Talent_輪堂千速 | Talent_雪花ラミィ
2025-06-16T17:20:04+09:00,hololive friends,hololive friends with u エリザベス・ローズ・ブラッドフレイム,elizabethrosebloodflame_hololivefriendswithu,https://shop.hololivepro.com/products/elizabethrosebloodflame_hololivefriendswithu,Elizabeth Rose Bloodflame,,1,3740,3740,Generation_hololiveEnglish-Justice- | Group_ホロライブEnglish | hololivefriends | hololivefriends_Justice | Recommended_MERCH | Recommended_定番商品 | Talent_エリザベス・ローズ・ブラッドフレイム
2025-06-16T17:35:15+09:00,hololive friends,hololive friends with u ジジ・ムリン,gigimurin_hololivefriendswithu,https://shop.hololivepro.com/products/gigimurin_hololivefriendswithu,Gigi Murin,,1,3740,3740,Generation_hololiveEnglish-Justice- | Group_ホロライブEnglish | hololivefriends | hololivefriends_Justice | Recommended_MERCH | Recommended_定番商品 | Talent_ジジ・ムリン
2025-06-16T17:46:13+09:00,hololive friends,hololive friends with u セシリア・イマーグリーン,ceciliaimmergreen_hololivefriendswithu,https://shop.hololivepro.com/products/ceciliaimmergreen_hololivefriendswithu,Cecilia Immergreen,,1,3740,3740,Generation_hololiveEnglish-Justice- | Group_ホロライブEnglish | hololivefriends | hololivefriends_Justice | Recommended_MERCH | Recommended_定番商品 | Talent_セシリア・イマーグリーン
2025-06-16T17:55:55+09:00,hololive friends,hololive friends with u ラオーラ・パンテーラ,raorapanthera_hololivefriendswithu,https://shop.hololivepro.com/products/raorapanthera_hololivefriendswithu,Raora Panthera,,2,3740,3740,Generation_hololiveEnglish-Justice- | Group_ホロライブEnglish | hololivefriends | hololivefriends_Justice | Recommended_MERCH | Recommended_定番商品 | Talent_ラオーラ・パンテーラ
2025-06-17T10:37:41+09:00,カード/書籍,"hololive OFFICIAL CARD GAME English Edition Start Deck ""Tokino Sora & AZKi""",hololiveofficialcardgame_hsd01e,https://shop.hololivepro.com/products/hololiveofficialcardgame_hsd01e,hololive production official shop,,1,2750,2750,_ng_with_normal_group:hcg2409 | addons:shipment:ignore_order | hololiveofficialcardgame | hololiveofficialcardgame_Englishedition | Recommended_MERCH
2025-06-17T12:03:04+09:00,カード/書籍,hololive OFFICIAL CARD GAME English Edition Start Cheer Set,hololiveofficialcardgame_en_startcheerset,https://shop.hololivepro.com/products/hololiveofficialcardgame_en_startcheerset,hololive production official shop,,1,1350,1350,_ng_with_normal_group:hcg2409 | addons:shipment:ignore_order | hololiveofficialcardgame | hololiveofficialcardgame_Englishedition | Recommended_MERCH
2025-06-17T12:12:08+09:00,カード/書籍,"hololive OFFICIAL CARD GAME English Edition Booster pack ""Blooming Radiance""",hololiveofficialcardgame_hbp01e,https://shop.hololivepro.com/products/hololiveofficialcardgame_hbp01e,hololive production official shop,,1,9250,9250,_ng_with_normal_group:hcg2409 | addons:shipment:ignore_order | hololiveofficialcardgame | hololiveofficialcardgame_Englishedition | Recommended_MERCH
2025-06-17T13:47:14+09:00,カード/書籍,hololive OFFICIAL CARD GAME English Edition Official Dice Light Blue ＆ Black  (2-piece set),hololiveofficialcardgame_en_dice_lightblue_black,https://shop.hololivepro.com/products/hololiveofficialcardgame_en_dice_lightblue_black,hololive production official shop,,1,1350,1350,_ng_with_normal_group:hcg2409 | addons:shipment:ignore_order | hololiveofficialcardgame | hololiveofficialcardgame_Englishedition | Recommended_MERCH
2025-06-17T13:54:41+09:00,カード/書籍,hololive OFFICIAL CARD GAME English Edition Official Counter Set,hololiveofficialcardgame_en_counterset,https://shop.hololivepro.com/products/hololiveofficialcardgame_en_counterset,hololive production official shop,,1,2750,2750,_ng_with_normal_group:hcg2409 | addons:shipment:ignore_order | hololiveofficialcardgame | hololiveofficialcardgame_Englishedition | Recommended_MERCH
2025-06-17T14:26:48+09:00,ボイス,【再販】ホロライブ ジューンブライドボイス2023,hololive_junebridevoice2023_rerun,https://shop.hololivepro.com/products/hololive_junebridevoice2023_rerun,hololive production official shop,,18,1000,17000,Generation_ホロライブ0期生 | Generation_ホロライブ1期生 | Generation_ホロライブ2期生 | Generation_ホロライブ3期生 | Generation_ホロライブ5期生 | Generation_ホロライブゲーマーズ | Generation_秘密結社holoX | Group_ホロライブ | Recommended_デジタルコンテンツ | Talent_AZKi | Talent_さくらみこ | Talent_アキ・ローゼンタール | Talent_ロボ子さん | Talent_不知火フレア | Talent_兎田ぺこら | Talent_博衣こより | Talent_夏色まつり | Talent_宝鐘マリン | Talent_尾丸ポルカ | Talent_沙花叉クロヱ | Talent_猫又おかゆ | Talent_癒月ちょこ | Talent_白銀ノエル | Talent_雪花ラミィ | Talent_風真いろは | Talent_鷹嶺ルイ | デジタルのみ | デジタルコンテンツ
2025-06-18T10:55:40+09:00,周年/記念,ジジ・ムリン 活動1周年記念,gigimurin_anniversary_1st,https://shop.hololivepro.com/products/gigimurin_anniversary_1st,Gigi Murin,,9,0,10780,Generation_hololiveEnglish-Justice- | Group_ホロライブEnglish | Recommended_MERCH | Talent_ジジ・ムリン | 受注生産商品
2025-06-18T16:49:35+09:00,誕生日記念,定水寺シンリ 誕生日記念2025,josuijishinri_birthday_2025,https://shop.hololivepro.com/products/josuijishinri_birthday_2025,Josuiji Shinri,,7,0,17160,Generation_TEMPUS | Group_ホロスターズEnglish | Recommended_MERCH | Recommended_デジタルコンテンツ | Talent_定水寺シンリ | デジタルコンテンツ | 受注生産商品
2025-06-23T10:09:06+09:00,その他,姫森ルーナ 100万人記念＆新衣装記念2025,himemoriluna_subscribers1mandnewoutfit2025,https://shop.hololivepro.com/products/himemoriluna_subscribers1mandnewoutfit2025,Himemori Luna,,9,0,21560,Generation_ホロライブ4期生 | Group_ホロライブ | Recommended_MERCH | Recommended_デジタルコンテンツ | Talent_姫森ルーナ | デジタルコンテンツ | 受注生産商品
2025-06-23T12:09:55+09:00,LIVE/イベント物販,hololive English 3rd Concert -All for One- デジタルメッセージボード,hololiveen_3rdconcert_digitalmessageboard,https://shop.hololivepro.com/products/hololiveen_3rdconcert_digitalmessageboard,hololive English,,30,3000,6000,_ng_with_normal_group:EN3rdConcert_DMB | Generation_hololiveEnglish-Advent- | Generation_hololiveEnglish-Council- | Generation_hololiveEnglish-Justice- | Generation_hololiveEnglish-Myth- | Generation_hololiveEnglish-Promise- | Group_ホロライブEnglish | Recommended_デジタルコンテンツ | Talent_IRyS | Talent_エリザベス・ローズ・ブラッドフレイム | Talent_オーロ・クロニー | Talent_シオリ・ノヴェラ | Talent_ジジ・ムリン | Talent_セシリア・イマーグリーン | Talent_ネリッサ・レイヴンクロフト | Talent_ハコス・ベールズ | Talent_フワワ・アビスガード | Talent_モココ・アビスガード | Talent_ラオーラ・パンテーラ | Talent_一伊那尓栖 | Talent_古石ビジュー | Talent_小鳥遊キアラ | Talent_森カリオペ | デジタルのみ | デジタルコンテンツ
2025-06-23T15:11:01+09:00,周年/記念,hololive OFFICIAL CARD GAME 1st Anniversary Celebration Set,hololiveofficialcardgame_1stanniversarycelebrationset,https://shop.hololivepro.com/products/hololiveofficialcardgame_1stanniversarycelebrationset,hololive production official shop,,5,8800,8800,_ng_with_normal_group:hcg2409 | addons:shipment:ignore_order | hololiveofficialcardgame | Recommended_MERCH | 受注生産商品
2025-06-24T10:29:02+09:00,LIVE/イベント物販,【先行発送】大神ミオ 1st Live.「Our Sparkle」ライブグッズ,ookamimio_oursparkle_advancedshipping,https://shop.hololivepro.com/products/ookamimio_oursparkle_advancedshipping,Ookami Mio,,7,0,13000,_ng_with_normal_group:OokamiMio2ndAlbum | Generation_ホロライブゲーマーズ | Group_ホロライブ | ookamimio_1stlive | Recommended_MERCH | Talent_大神ミオ
2025-06-24T10:47:21+09:00,LIVE/イベント物販,【受注販売】大神ミオ 1st Live.「Our Sparkle」ライブグッズ,ookamimio_oursparkle_madetoorder,https://shop.hololivepro.com/products/ookamimio_oursparkle_madetoorder,Ookami Mio,,4,2200,5940,Generation_ホロライブゲーマーズ | Group_ホロライブ | ookamimio_1stlive | Recommended_MERCH | Talent_大神ミオ | 受注生産商品
2025-06-24T12:18:47+09:00,ボイス,儒烏風亭らでん「お前を壺にしてやろうか？」ASMRボイス,juufuuteiraden_asmr_illturnyouintoapot,https://shop.hololivepro.com/products/juufuuteiraden_asmr_illturnyouintoapot,Juufuutei Raden,,1,2500,2500,ASMR2506 | Generation_ReGLOSS | Group_hololiveDEV_IS | Recommended_デジタルコンテンツ | Talent_儒烏風亭らでん | デジタルのみ | デジタルコンテンツ
2025-06-24T12:33:21+09:00,ボイス,さくらみこ「JKみこちと雨宿り」ASMRボイス,sakuramiko_asmr_shelterfromtherain,https://shop.hololivepro.com/products/sakuramiko_asmr_shelterfromtherain,Sakura Miko,,1,2500,2500,ASMR2506 | Generation_ホロライブ0期生 | Group_ホロライブ | Recommended_デジタルコンテンツ | Talent_さくらみこ | デジタルのみ | デジタルコンテンツ
2025-06-24T13:05:38+09:00,ボイス,響咲リオナ「雨の日おうちデート」ASMRボイス,isakiriona_asmr_rainydaydate,https://shop.hololivepro.com/products/isakiriona_asmr_rainydaydate,Isaki Riona,,1,2500,2500,ASMR2506 | Generation_FLOWGLOW | Group_hololiveDEV_IS | Recommended_デジタルコンテンツ | Talent_響咲リオナ | デジタルのみ | デジタルコンテンツ
2025-06-24T13:17:55+09:00,ボイス,パヴォリア・レイネ「世話焼きお姉さんのシャンプーはいかが？」ASMRボイス,pavoliareine_asmr_letoneesanshampooyou,https://shop.hololivepro.com/products/pavoliareine_asmr_letoneesanshampooyou,Pavolia Reine,,1,2500,2500,ASMR2506 | Generation_ホロライブインドネシア2期生 | Group_ホロライブインドネシア | Recommended_デジタルコンテンツ | Talent_パヴォリア・レイネ | デジタルのみ | デジタルコンテンツ
2025-06-24T17:42:57+09:00,その他,癒月ちょこ 新衣装記念2025,yuzukichoco_newoutfit_2025,https://shop.hololivepro.com/products/yuzukichoco_newoutfit_2025,Yuzuki Choco,,12,0,20845,Generation_ホロライブ2期生 | Group_ホロライブ | Recommended_MERCH | Recommended_デジタルコンテンツ | Talent_癒月ちょこ | デジタルコンテンツ | 受注生産商品
2025-06-25T14:45:53+09:00,その他,hololive Magazine Series -Spotlight- vol.6,hololivemagazine_spotlight_vol6,https://shop.hololivepro.com/products/hololivemagazine_spotlight_vol6,hololive production official shop,,8,550,3850,Generation_秘密結社holoX | Group_ホロライブ | hololive_magazine_spotlight | Recommended_MERCH | Talent_ラプラス・ダークネス | Talent_博衣こより
2025-06-25T15:30:50+09:00,その他,hololive production US Edition,hololiveen_usedition,https://shop.hololivepro.com/products/hololiveen_usedition,hololive English,,18,550,4400,Generation_hololiveEnglish-Advent- | Generation_hololiveEnglish-Justice- | Generation_hololiveEnglish-Myth- | Generation_hololiveEnglish-Promise- | Group_ホロライブEnglish | Recommended_MERCH | Talent_IRyS | Talent_ジジ・ムリン | Talent_フワワ・アビスガード | Talent_モココ・アビスガード | Talent_一伊那尓栖
2025-06-26T09:48:59+09:00,誕生日記念,ゴールドブレット 誕生日記念2025,goldbullet_birthday_2025,https://shop.hololivepro.com/products/goldbullet_birthday_2025,Goldbullet,,7,0,17600,Generation_ARMIS | Group_ホロスターズEnglish | Recommended_MERCH | Recommended_デジタルコンテンツ | Talent_ゴールドブレット | デジタルコンテンツ | 受注生産商品
2025-06-26T11:34:27+09:00,誕生日記念,AZKi 誕生日記念2025,azki_birthday_2025,https://shop.hololivepro.com/products/azki_birthday_2025,AZKi,,11,0,19030,Generation_ホロライブ0期生 | Group_ホロライブ | Recommended_MERCH | Recommended_デジタルコンテンツ | Talent_AZKi | デジタルコンテンツ | 受注生産商品
2025-06-26T17:24:39+09:00,その他,AZKi New EP『Re:Start』『Re:Birth』(初回生産分),azki_newep_restart_rebirth_firstpress,https://shop.hololivepro.com/products/azki_newep_restart_rebirth_firstpress,AZKi,,2,2750,2750,_group:AZKi_EP0701 | CD | Generation_ホロライブ0期生 | Group_ホロライブ | Recommended_MERCH | ReStartReBirth | Talent_AZKi
2025-06-26T17:49:57+09:00,その他,AZKi New EP『Re:Start』『Re:Birth』完全生産限定コンプリート盤,azki_newep_restart_rebirth_completelimited,https://shop.hololivepro.com/products/azki_newep_restart_rebirth_completelimited,AZKi,,1,13200,13200,_ng_with_normal_group:AZKi_EP0701 | CD | Generation_ホロライブ0期生 | Group_ホロライブ | Recommended_MERCH | ReStartReBirth | Talent_AZKi
2025-06-27T16:39:41+09:00,その他,Situation hololive -Cafeteria Series- vol.2,hololive_situationhololive_cafeteriaseries_vol2,https://shop.hololivepro.com/products/hololive_situationhololive_cafeteriaseries_vol2,hololive production official shop,,16,550,4400,Generation_ホロライブ3期生 | Group_ホロライブ | Recommended_MERCH | situationhololive | Talent_不知火フレア | Talent_兎田ぺこら | Talent_宝鐘マリン | Talent_白銀ノエル
2025-06-30T09:29:17+09:00,誕生日記念,大空スバル 誕生日記念2025,oozorasubaru_birthday_2025,https://shop.hololivepro.com/products/oozorasubaru_birthday_2025,Oozora Subaru,,7,0,15620,Generation_ホロライブ2期生 | Group_ホロライブ | Recommended_MERCH | Talent_大空スバル | 受注生産商品
2025-06-30T10:24:32+09:00,周年/記念,セシリア・イマーグリーン 活動1周年記念,ceciliaimmergreen_anniversary_1st,https://shop.hololivepro.com/products/ceciliaimmergreen_anniversary_1st,Cecilia Immergreen,,9,0,11770,Generation_hololiveEnglish-Justice- | Group_ホロライブEnglish | Recommended_MERCH | Recommended_デジタルコンテンツ | Talent_セシリア・イマーグリーン | デジタルコンテンツ | 受注生産商品
2025-06-30T15:53:10+09:00,ボイス,ホロナツパラダイスボイス,holonatsuparadisevoice,https://shop.hololivepro.com/products/holonatsuparadisevoice,hololive production official shop,,55,500,500,Generation_FLOWGLOW | Generation_hololiveEnglish-Advent- | Generation_hololiveEnglish-Council- | Generation_hololiveEnglish-Justice- | Generation_hololiveEnglish-Promise- | Generation_ReGLOSS | Generation_ホロライブ0期生 | Generation_ホロライブ1期生 | Generation_ホロライブ2期生 | Generation_ホロライブ3期生 | Generation_ホロライブ4期生 | Generation_ホロライブ5期生 | Generation_ホロライブインドネシア1期生 | Generation_ホロライブインドネシア2期生 | Generation_ホロライブインドネシア3期生 | Generation_ホロライブゲーマーズ | Generation_秘密結社holoX | Group_hololiveDEV_IS | Group_ホロライブ | Group_ホロライブEnglish | Group_ホロライブインドネシア | Recommended_デジタルコンテンツ | Talent_AZKi | Talent_こぼ・かなえる | Talent_さくらみこ | Talent_ときのそら | Talent_アキ・ローゼンタール | Talent_アユンダ・リス | Talent_オーロ・クロニー | Talent_カエラ・コヴァルスキア | Talent_クレイジー・オリー | Talent_シオリ・ノヴェラ | Talent_ジジ・ムリン | Talent_セシリア・イマーグリーン | Talent_ネリッサ・レイヴンクロフト | Talent_フワワ・アビスガード | Talent_ベスティア・ゼータ | Talent_モココ・アビスガード | Talent_ラオーラ・パンテーラ | Talent_ラプラス・ダークネス | Talent_ロボ子さん | Talent_一条莉々華 | Talent_博衣こより | Talent_古石ビジュー | Talent_夏色まつり | Talent_大神ミオ | Talent_姫森ルーナ | Talent_尾丸ポルカ | Talent_戌神ころね | Talent_桃鈴ねね | Talent_水宮枢 | Talent_癒月ちょこ | Talent_白銀ノエル | Talent_綺々羅々ヴィヴィ | Talent_角巻わため | Talent_赤井はあと | Talent_轟はじめ | Talent_雪花ラミィ | Talent_響咲リオナ | デジタルのみ | デジタルコンテンツ
2025-07-01T22:47:06+09:00,ボイス,ホロライブ学園ボイス ～学園七不思議編～,hololive_academyvoice_sevenwondersarc,https://shop.hololivepro.com/products/hololive_academyvoice_sevenwondersarc,hololive production official shop,,83,500,42000,Generation_FLOWGLOW | Generation_hololiveEnglish-Advent- | Generation_hololiveEnglish-Council- | Generation_hololiveEnglish-Justice- | Generation_hololiveEnglish-Myth- | Generation_hololiveEnglish-Promise- | Generation_ReGLOSS | Generation_ホロライブ0期生 | Generation_ホロライブ1期生 | Generation_ホロライブ2期生 | Generation_ホロライブ3期生 | Generation_ホロライブ4期生 | Generation_ホロライブ5期生 | Generation_ホロライブインドネシア1期生 | Generation_ホロライブインドネシア2期生 | Generation_ホロライブインドネシア3期生 | Generation_ホロライブゲーマーズ | Generation_秘密結社holoX | Group_hololiveDEV_IS | Group_ホロライブ | Group_ホロライブEnglish | Group_ホロライブインドネシア | Recommended_デジタルコンテンツ | Talent_AZKi | Talent_IRyS | Talent_ときのそら | Talent_アイラニ・イオフィフティーン | Talent_アキ・ローゼンタール | Talent_アーニャ・メルフィッサ | Talent_エリザベス・ローズ・ブラッドフレイム | Talent_オーロ・クロニー | Talent_カエラ・コヴァルスキア | Talent_シオリ・ノヴェラ | Talent_ジジ・ムリン | Talent_セシリア・イマーグリーン | Talent_ネリッサ・レイヴンクロフト | Talent_パヴォリア・レイネ | Talent_フワワ・アビスガード | Talent_ベスティア・ゼータ | Talent_ムーナ・ホシノヴァ | Talent_モココ・アビスガード | Talent_ラオーラ・パンテーラ | Talent_ロボ子さん | Talent_一条莉々華 | Talent_不知火フレア | Talent_博衣こより | Talent_古石ビジュー | Talent_夏色まつり | Talent_天音かなた | Talent_尾丸ポルカ | Talent_桃鈴ねね | Talent_森カリオペ | Talent_水宮枢 | Talent_獅白ぼたん | Talent_癒月ちょこ | Talent_白上フブキ | Talent_白銀ノエル | Talent_綺々羅々ヴィヴィ | Talent_虎金妃笑虎 | Talent_角巻わため | Talent_赤井はあと | Talent_輪堂千速 | Talent_轟はじめ | Talent_雪花ラミィ | Talent_音乃瀬奏 | Talent_響咲リオナ | デジタルのみ | デジタルコンテンツ
2025-07-02T09:48:28+09:00,誕生日記念,小鳥遊キアラ 誕生日記念2025,takanashikiara_birthday_2025,https://shop.hololivepro.com/products/takanashikiara_birthday_2025,Takanashi Kiara,,10,0,15400,Generation_hololiveEnglish-Myth- | Group_ホロライブEnglish | Recommended_MERCH | Recommended_デジタルコンテンツ | Talent_小鳥遊キアラ | デジタルコンテンツ | 受注生産商品
2025-07-03T16:43:56+09:00,シリーズ/アパレル,ホロナツパラダイス グッズ vol.1,hololive_holonatsuparadisemerch_vol1,https://shop.hololivepro.com/products/hololive_holonatsuparadisemerch_vol1,hololive production official shop,,15,660,10560,Generation_FLOWGLOW | Generation_hololiveEnglish-Advent- | Generation_hololiveEnglish-Council- | Generation_hololiveEnglish-Justice- | Generation_hololiveEnglish-Myth- | Generation_hololiveEnglish-Promise- | Generation_ReGLOSS | Generation_ホロライブ0期生 | Generation_ホロライブ1期生 | Generation_ホロライブ2期生 | Generation_ホロライブ3期生 | Generation_ホロライブ4期生 | Generation_ホロライブ5期生 | Generation_ホロライブインドネシア1期生 | Generation_ホロライブインドネシア2期生 | Generation_ホロライブインドネシア3期生 | Generation_ホロライブゲーマーズ | Generation_秘密結社holoX | Group_hololiveDEV_IS | Group_ホロライブ | Group_ホロライブEnglish | Group_ホロライブインドネシア | holonatsuparadise | Recommended_MERCH | Talent_AZKi | Talent_IRyS | Talent_こぼ・かなえる | Talent_さくらみこ | Talent_ときのそら | Talent_アイラニ・イオフィフティーン | Talent_アキ・ローゼンタール | Talent_アユンダ・リス | Talent_アーニャ・メルフィッサ | Talent_エリザベス・ローズ・ブラッドフレイム | Talent_オーロ・クロニー | Talent_カエラ・コヴァルスキア | Talent_クレイジー・オリー | Talent_シオリ・ノヴェラ | Talent_ジジ・ムリン | Talent_セシリア・イマーグリーン | Talent_ネリッサ・レイヴンクロフト | Talent_ハコス・ベールズ | Talent_パヴォリア・レイネ | Talent_フワワ・アビスガード | Talent_ベスティア・ゼータ | Talent_ムーナ・ホシノヴァ | Talent_モココ・アビスガード | Talent_ラオーラ・パンテーラ | Talent_ラプラス・ダークネス | Talent_ロボ子さん | Talent_一伊那尓栖 | Talent_一条莉々華 | Talent_不知火フレア | Talent_儒烏風亭らでん | Talent_兎田ぺこら | Talent_博衣こより | Talent_古石ビジュー | Talent_夏色まつり | Talent_大神ミオ | Talent_大空スバル | Talent_天音かなた | Talent_姫森ルーナ | Talent_宝鐘マリン | Talent_小鳥遊キアラ | Talent_尾丸ポルカ | Talent_常闇トワ | Talent_戌神ころね | Talent_星街すいせい | Talent_桃鈴ねね | Talent_森カリオペ | Talent_水宮枢 | Talent_火威青 | Talent_猫又おかゆ | Talent_獅白ぼたん | Talent_癒月ちょこ | Talent_白上フブキ | Talent_白銀ノエル | Talent_百鬼あやめ | Talent_綺々羅々ヴィヴィ | Talent_虎金妃笑虎 | Talent_角巻わため | Talent_赤井はあと | Talent_輪堂千速 | Talent_轟はじめ | Talent_雪花ラミィ | Talent_音乃瀬奏 | Talent_響咲リオナ | Talent_風真いろは | Talent_鷹嶺ルイ
2025-07-03T17:47:19+09:00,誕生日記念,輪堂千速 誕生日記念2025,rindochihaya_birthday_2025,https://shop.hololivepro.com/products/rindochihaya_birthday_2025,Rindo Chihaya,,9,0,17270,Generation_FLOWGLOW | Group_hololiveDEV_IS | Recommended_MERCH | Recommended_デジタルコンテンツ | Talent_輪堂千速 | デジタルコンテンツ | 受注生産商品
2025-07-04T12:53:40+09:00,その他,ホロスターズ大運動会2025 事前販売,holostars_bigfieldday_advancedorder,https://shop.hololivepro.com/products/holostars_bigfieldday_advancedorder,HOLOSTARS,,6,550,2800,Generation_UPROAR‼︎ | Generation_ホロスターズ1期生 | Generation_ホロスターズ2期生 | Generation_ホロスターズ3期生 | Group_ホロスターズ | Recommended_MERCH | Talent_アステル・レダ | Talent_アルランディス | Talent_夕刻ロベル | Talent_夜十神封魔 | Talent_奏手イヅル | Talent_岸堂天真 | Talent_影山シエン | Talent_律可 | Talent_水無世燐央 | Talent_羽継烏有 | Talent_花咲みやび | Talent_荒咬オウガ
2025-07-04T17:11:32+09:00,その他,hololive STAGE World Tour ‘25 -Synchronize!- キービジュアルグッズ,hololivestage_worldtour25_keyvisualmerch,https://shop.hololivepro.com/products/hololivestage_worldtour25_keyvisualmerch,hololive production official shop,,3,660,3300,Generation_hololiveEnglish-Advent- | Generation_hololiveEnglish-Myth- | Generation_hololiveEnglish-Promise- | Generation_ホロライブ5期生 | Generation_ホロライブインドネシア2期生 | Group_ホロライブ | Group_ホロライブEnglish | Group_ホロライブインドネシア | Recommended_MERCH | Talent_IRyS | Talent_クレイジー・オリー | Talent_ネリッサ・レイヴンクロフト | Talent_桃鈴ねね | Talent_森カリオペ | worldtour25_synchronize
2025-07-08T10:38:05+09:00,LIVE/イベント物販,大神ミオ 1st Live.「Our Sparkle」 デジタルメッセージボード,ookamimio_oursparkle_digitalmessageboard,https://shop.hololivepro.com/products/ookamimio_oursparkle_digitalmessageboard,Ookami Mio,,2,3000,6000,_ng_with_normal_group:OokamiMio1stLive_DMB | Generation_ホロライブゲーマーズ | Group_ホロライブ | Recommended_デジタルコンテンツ | Talent_大神ミオ | デジタルのみ | デジタルコンテンツ
2025-07-08T14:41:48+09:00,カード/書籍,hololive OFFICIAL CARD GAME オフィシャルホロカバインダー vol.1,hololiveofficialcardgame_holocardbinder_vol1,https://shop.hololivepro.com/products/hololiveofficialcardgame_holocardbinder_vol1,hololive production official shop,,1,3300,3300,_ng_with_normal_group:hcg2409 | hololiveofficialcardgame | Recommended_MERCH
2025-07-08T15:01:04+09:00,カード/書籍,hololive OFFICIAL CARD GAME オフィシャルホロカアクリルフレーム vol.1-2,hololiveofficialcardgame_acrylicframe_vol1-2,https://shop.hololivepro.com/products/hololiveofficialcardgame_acrylicframe_vol1-2,hololive production official shop,,2,1760,1760,_ng_with_normal_group:hcg2409 | hololiveofficialcardgame | Recommended_MERCH
2025-07-09T11:17:32+09:00,周年/記念,IRyS 活動4周年記念,irys_anniversary_4th,https://shop.hololivepro.com/products/irys_anniversary_4th,IRyS,,8,0,19800,Generation_hololiveEnglish-Promise- | Group_ホロライブEnglish | Recommended_MERCH | Talent_IRyS | 受注生産商品
2025-07-09T15:28:28+09:00,誕生日記念,夜十神封魔 誕生日記念2025,yatogamifuma_birthday_2025,https://shop.hololivepro.com/products/yatogamifuma_birthday_2025,Yatogami Fuma,,8,0,17490,Generation_UPROAR‼︎ | Group_ホロスターズ | Recommended_MERCH | Recommended_デジタルコンテンツ | Talent_夜十神封魔 | デジタルコンテンツ | 受注生産商品
2025-07-09T16:49:58+09:00,誕生日記念,アイラニ・イオフィフティーン 誕生日記念2025,airaniiofifteen_birthday_2025,https://shop.hololivepro.com/products/airaniiofifteen_birthday_2025,Airani Iofifteen,,7,0,14850,Generation_ホロライブインドネシア1期生 | Group_ホロライブインドネシア | Recommended_MERCH | Recommended_デジタルコンテンツ | Talent_アイラニ・イオフィフティーン | デジタルコンテンツ | 受注生産商品
2025-07-10T15:38:11+09:00,ボイス,ホロライブ 日常ささやき「涼しいお部屋でダラダラ」ボイス,hololive_asmr_chillininthechillroom,https://shop.hololivepro.com/products/hololive_asmr_chillininthechillroom,hololive production official shop,,17,1000,16000,Generation_FLOWGLOW | Generation_ホロライブ0期生 | Generation_ホロライブ1期生 | Generation_ホロライブ2期生 | Generation_ホロライブ3期生 | Generation_ホロライブ5期生 | Generation_秘密結社holoX | Group_hololiveDEV_IS | Group_ホロライブ | Recommended_デジタルコンテンツ | Talent_AZKi | Talent_ときのそら | Talent_ロボ子さん | Talent_博衣こより | Talent_夏色まつり | Talent_尾丸ポルカ | Talent_水宮枢 | Talent_癒月ちょこ | Talent_白銀ノエル | Talent_百鬼あやめ | Talent_綺々羅々ヴィヴィ | Talent_輪堂千速 | Talent_雪花ラミィ | Talent_響咲リオナ | デジタルのみ | デジタルコンテンツ
2025-07-11T09:23:21+09:00,その他,ホロスターズ大運動会2025 デジタルメッセージボード,holostars_bigfieldday2025_digitalmessageboard,https://shop.hololivepro.com/products/holostars_bigfieldday2025_digitalmessageboard,HOLOSTARS,,24,3000,6000,_ng_with_normal_group:HOLOSTARSBigFieldDay2025_DMG_DMB | Generation_UPROAR‼︎ | Generation_ホロスターズ1期生 | Generation_ホロスターズ2期生 | Generation_ホロスターズ3期生 | Group_ホロスターズ | Recommended_デジタルコンテンツ | Talent_アステル・レダ | Talent_アルランディス | Talent_夕刻ロベル | Talent_夜十神封魔 | Talent_奏手イヅル | Talent_岸堂天真 | Talent_影山シエン | Talent_律可 | Talent_水無世燐央 | Talent_羽継烏有 | Talent_花咲みやび | Talent_荒咬オウガ | デジタルのみ | デジタルコンテンツ
2025-07-11T14:11:46+09:00,hololive friends,hololive friends with u AZKi ドレス衣装,azki_hololivefriendswithu_dress,https://shop.hololivepro.com/products/azki_hololivefriendswithu_dress,AZKi,,1,3740,3740,Generation_ホロライブ0期生 | Group_ホロライブ | hololivefriends | Recommended_MERCH | Recommended_定番商品 | Talent_AZKi
2025-07-11T15:07:45+09:00,hololive friends,hololive friends with u 赤井はあと ゴスロリ衣装,akaihaato_hololivefriendswithu_gothiclolitaoutfit,https://shop.hololivepro.com/products/akaihaato_hololivefriendswithu_gothiclolitaoutfit,Akai Haato,,1,3740,3740,Generation_ホロライブ1期生 | Group_ホロライブ | hololivefriends | Recommended_MERCH | Recommended_定番商品 | Talent_赤井はあと
2025-07-11T15:32:00+09:00,hololive friends,hololive friends with u 白上フブキ 洋風衣装,shirakamifubuki_hololivefriendswithu_paradedressoutfit,https://shop.hololivepro.com/products/shirakamifubuki_hololivefriendswithu_paradedressoutfit,Shirakami Fubuki,,1,3740,3740,Generation_ホロライブ1期生 | Generation_ホロライブゲーマーズ | Group_ホロライブ | hololivefriends | Recommended_MERCH | Recommended_定番商品 | Talent_白上フブキ
2025-07-11T16:43:39+09:00,hololive friends,hololive friends with u 大神ミオ パーカー衣装,ookamimio_hololivefriendswithu_hoodieoutfit,https://shop.hololivepro.com/products/ookamimio_hololivefriendswithu_hoodieoutfit,Ookami Mio,,1,3740,3740,Generation_ホロライブゲーマーズ | Group_ホロライブ | hololivefriends | Recommended_MERCH | Recommended_定番商品 | Talent_大神ミオ
2025-07-11T16:55:44+09:00,hololive friends,hololive friends with u 常闇トワ 魔界制服衣装,tokoyamitowa_hololivefriendswithu_underworlduniformoutfit,https://shop.hololivepro.com/products/tokoyamitowa_hololivefriendswithu_underworlduniformoutfit,Tokoyami Towa,,1,3740,3740,Generation_ホロライブ4期生 | Group_ホロライブ | hololivefriends | Recommended_MERCH | Recommended_定番商品 | Talent_常闇トワ
2025-07-15T10:54:05+09:00,周年/記念,兎田ぺこら 活動6周年記念,usadapekora_anniversary_6th,https://shop.hololivepro.com/products/usadapekora_anniversary_6th,Usada Pekora,,8,0,16720,Generation_ホロライブ3期生 | Group_ホロライブ | Recommended_MERCH | Talent_兎田ぺこら | 受注生産商品
2025-07-15T14:46:12+09:00,LIVE/イベント物販,【在庫販売】hololive English 3rd Concert -All for One- ライブグッズ,hololiveen_3rdconcert_allforone_instock,https://shop.hololivepro.com/products/hololiveen_3rdconcert_allforone_instock,hololive English,,45,0,8800,Generation_hololiveEnglish-Advent- | Generation_hololiveEnglish-Council- | Generation_hololiveEnglish-Justice- | Generation_hololiveEnglish-Myth- | Generation_hololiveEnglish-Promise- | Group_ホロライブEnglish | hololiveEN_AllforOne | Recommended_MERCH | Talent_IRyS | Talent_エリザベス・ローズ・ブラッドフレイム | Talent_オーロ・クロニー | Talent_シオリ・ノヴェラ | Talent_ジジ・ムリン | Talent_セシリア・イマーグリーン | Talent_ネリッサ・レイヴンクロフト | Talent_ハコス・ベールズ | Talent_フワワ・アビスガード | Talent_モココ・アビスガード | Talent_ラオーラ・パンテーラ | Talent_一伊那尓栖 | Talent_古石ビジュー | Talent_小鳥遊キアラ | Talent_森カリオペ
2025-07-16T11:10:52+09:00,シリーズ/アパレル,hololive closet ロボ子さん オーバーサイズアウター衣装,robocosan_hololivecloset_oversizedouterwearoutfit,https://shop.hololivepro.com/products/robocosan_hololivecloset_oversizedouterwearoutfit,Robocosan,,1,1760,1760,Generation_ホロライブ0期生 | Group_ホロライブ | holoclosetgen0 | hololivecloset | Recommended_MERCH | Talent_ロボ子さん
2025-07-16T11:28:53+09:00,シリーズ/アパレル,hololive closet さくらみこ セーラー服衣装,sakuramiko_hololivecloset_sailoruniformoutfit,https://shop.hololivepro.com/products/sakuramiko_hololivecloset_sailoruniformoutfit,Sakura Miko,,1,1760,1760,Generation_ホロライブ0期生 | Group_ホロライブ | holoclosetgen0 | hololivecloset | Recommended_MERCH | Talent_さくらみこ
2025-07-16T11:48:56+09:00,シリーズ/アパレル,hololive closet 星街すいせい セーラー衣装,hoshimachisuisei_hololivecloset_sailoroutfit,https://shop.hololivepro.com/products/hoshimachisuisei_hololivecloset_sailoroutfit,Hoshimachi Suisei,,1,1760,1760,Generation_ホロライブ0期生 | Group_ホロライブ | holoclosetgen0 | hololivecloset | Recommended_MERCH | Talent_星街すいせい
2025-07-16T12:49:38+09:00,シリーズ/アパレル,hololive closet 赤井はあと 部屋着衣装,akaihaato_hololivecloset_loungewearoutfit,https://shop.hololivepro.com/products/akaihaato_hololivecloset_loungewearoutfit,Akai Haato,,1,1760,1760,Generation_ホロライブ1期生 | Group_ホロライブ | holoclosetgen1 | hololivecloset | Recommended_MERCH | Talent_赤井はあと
2025-07-16T13:43:56+09:00,シリーズ/アパレル,hololive closet 癒月ちょこ ナース衣装,yuzukichoco_hololivecloset_nurseoutfit,https://shop.hololivepro.com/products/yuzukichoco_hololivecloset_nurseoutfit,Yuzuki Choco,,1,1760,1760,Generation_ホロライブ2期生 | Group_ホロライブ | holoclosetgen2 | hololivecloset | Recommended_MERCH | Talent_癒月ちょこ
2025-07-16T13:56:27+09:00,シリーズ/アパレル,hololive closet 猫又おかゆ むざカチュ制服衣装,nekomataokayu_hololivecloset_uniformoutfit,https://shop.hololivepro.com/products/nekomataokayu_hololivecloset_uniformoutfit,Nekomata Okayu,,1,1760,1760,Generation_ホロライブゲーマーズ | Group_ホロライブ | holoclosetgamers | hololivecloset | Recommended_MERCH | Talent_猫又おかゆ
2025-07-16T14:45:23+09:00,シリーズ/アパレル,hololive closet 不知火フレア パーカー衣装,shiranuiflare_hololivecloset_hoodieoutfit,https://shop.hololivepro.com/products/shiranuiflare_hololivecloset_hoodieoutfit,Shiranui Flare,,1,1760,1760,Generation_ホロライブ3期生 | Group_ホロライブ | holoclosetgen3 | hololivecloset | Recommended_MERCH | Talent_不知火フレア
2025-07-16T17:20:26+09:00,シリーズ/アパレル,hololive closet 白銀ノエル 制服衣装,shiroganenoel_hololivecloset_uniformoutfit,https://shop.hololivepro.com/products/shiroganenoel_hololivecloset_uniformoutfit,Shirogane Noel,,1,1760,1760,Generation_ホロライブ3期生 | Group_ホロライブ | holoclosetgen3 | hololivecloset | Recommended_MERCH | Talent_白銀ノエル
2025-07-16T17:30:19+09:00,シリーズ/アパレル,hololive closet 桃鈴ねね キョンシー風衣装,momosuzunene_hololivecloset_jiangshistyleoutfit,https://shop.hololivepro.com/products/momosuzunene_hololivecloset_jiangshistyleoutfit,Momosuzu Nene,,1,1760,1760,Generation_ホロライブ5期生 | Group_ホロライブ | holoclosetgen5 | hololivecloset | Recommended_MERCH | Talent_桃鈴ねね
2025-07-16T18:03:00+09:00,シリーズ/アパレル,hololive closet 博衣こより 制服セーラー衣装,hakuikoyori_hololivecloset_sailoruniformoutfit,https://shop.hololivepro.com/products/hakuikoyori_hololivecloset_sailoruniformoutfit,Hakui Koyori,,1,1760,1760,Generation_秘密結社holoX | Group_ホロライブ | holoclosetholox | hololivecloset | Recommended_MERCH | Talent_博衣こより
2025-07-18T14:58:27+09:00,その他,-Art Selection- AZKi,artselection_azki,https://shop.hololivepro.com/products/artselection_azki,AZKi,,3,550,5500,artselection | Generation_ホロライブ0期生 | Group_ホロライブ | Recommended_MERCH | Talent_AZKi
2025-07-18T15:38:40+09:00,その他,-Art Selection- 風真いろは,artselection_kazamairoha,https://shop.hololivepro.com/products/artselection_kazamairoha,Kazama Iroha,,3,550,5500,artselection | Generation_秘密結社holoX | Group_ホロライブ | Recommended_MERCH | Talent_風真いろは
2025-07-22T14:34:44+09:00,その他,猫又おかゆ 僕とおそろいスカジャン！,nekomataokayu_amatchingvarsityjacketwithme,https://shop.hololivepro.com/products/nekomataokayu_amatchingvarsityjacketwithme,Nekomata Okayu,,1,18040,18040,Generation_ホロライブゲーマーズ | Group_ホロライブ | Recommended_MERCH | Talent_猫又おかゆ | 受注生産商品
2025-07-22T14:57:19+09:00,周年/記念,アクセル・シリオス 活動3周年記念,axelsyrios_anniversary_3rd,https://shop.hololivepro.com/products/axelsyrios_anniversary_3rd,Axel Syrios,,5,0,13530,Generation_TEMPUS | Group_ホロスターズEnglish | Recommended_MERCH | Talent_アクセル・シリオス | 受注生産商品
2025-07-22T15:24:34+09:00,ボイス,【再販】 ホロライブ夏休みボイス2022,hololive_summervacationvoice2022_rerun,https://shop.hololivepro.com/products/hololive_summervacationvoice2022_rerun,hololive production official shop,,22,1000,21000,Generation_ホロライブ0期生 | Generation_ホロライブ1期生 | Generation_ホロライブ2期生 | Generation_ホロライブ3期生 | Generation_ホロライブ4期生 | Generation_ホロライブ5期生 | Generation_秘密結社holoX | Group_ホロライブ | Recommended_デジタルコンテンツ | Talent_AZKi | Talent_ときのそら | Talent_アキ・ローゼンタール | Talent_ロボ子さん | Talent_不知火フレア | Talent_兎田ぺこら | Talent_博衣こより | Talent_夏色まつり | Talent_大空スバル | Talent_天音かなた | Talent_尾丸ポルカ | Talent_桃鈴ねね | Talent_沙花叉クロヱ | Talent_獅白ぼたん | Talent_癒月ちょこ | Talent_白銀ノエル | Talent_角巻わため | Talent_雪花ラミィ | Talent_風真いろは | Talent_鷹嶺ルイ | デジタルのみ | デジタルコンテンツ
2025-07-22T18:06:04+09:00,シリーズ/アパレル,ホロナツパラダイス グッズ vol.2 アクリルスタンド,hololive_holonatsuparadisemerch_vol2_acrylicstand,https://shop.hololivepro.com/products/hololive_holonatsuparadisemerch_vol2_acrylicstand,hololive production official shop,,66,1760,1760,Generation_FLOWGLOW | Generation_hololiveEnglish-Advent- | Generation_hololiveEnglish-Council- | Generation_hololiveEnglish-Justice- | Generation_hololiveEnglish-Myth- | Generation_hololiveEnglish-Promise- | Generation_ReGLOSS | Generation_ホロライブ0期生 | Generation_ホロライブ1期生 | Generation_ホロライブ2期生 | Generation_ホロライブ3期生 | Generation_ホロライブ4期生 | Generation_ホロライブ5期生 | Generation_ホロライブインドネシア1期生 | Generation_ホロライブインドネシア2期生 | Generation_ホロライブインドネシア3期生 | Generation_ホロライブゲーマーズ | Generation_秘密結社holoX | Group_hololiveDEV_IS | Group_ホロライブ | Group_ホロライブEnglish | Group_ホロライブインドネシア | holonatsuparadise | Recommended_MERCH | Talent_AZKi | Talent_IRyS | Talent_こぼ・かなえる | Talent_さくらみこ | Talent_ときのそら | Talent_アイラニ・イオフィフティーン | Talent_アキ・ローゼンタール | Talent_アユンダ・リス | Talent_アーニャ・メルフィッサ | Talent_エリザベス・ローズ・ブラッドフレイム | Talent_オーロ・クロニー | Talent_カエラ・コヴァルスキア | Talent_クレイジー・オリー | Talent_シオリ・ノヴェラ | Talent_ジジ・ムリン | Talent_セシリア・イマーグリーン | Talent_ネリッサ・レイヴンクロフト | Talent_ハコス・ベールズ | Talent_パヴォリア・レイネ | Talent_フワワ・アビスガード | Talent_ベスティア・ゼータ | Talent_ムーナ・ホシノヴァ | Talent_モココ・アビスガード | Talent_ラオーラ・パンテーラ | Talent_ラプラス・ダークネス | Talent_ロボ子さん | Talent_一伊那尓栖 | Talent_一条莉々華 | Talent_不知火フレア | Talent_儒烏風亭らでん | Talent_兎田ぺこら | Talent_博衣こより | Talent_古石ビジュー | Talent_夏色まつり | Talent_大神ミオ | Talent_大空スバル | Talent_天音かなた | Talent_姫森ルーナ | Talent_宝鐘マリン | Talent_小鳥遊キアラ | Talent_尾丸ポルカ | Talent_常闇トワ | Talent_戌神ころね | Talent_星街すいせい | Talent_桃鈴ねね | Talent_森カリオペ | Talent_水宮枢 | Talent_火威青 | Talent_猫又おかゆ | Talent_獅白ぼたん | Talent_癒月ちょこ | Talent_白上フブキ | Talent_白銀ノエル | Talent_百鬼あやめ | Talent_綺々羅々ヴィヴィ | Talent_虎金妃笑虎 | Talent_角巻わため | Talent_赤井はあと | Talent_輪堂千速 | Talent_轟はじめ | Talent_雪花ラミィ | Talent_音乃瀬奏 | Talent_響咲リオナ | Talent_風真いろは | Talent_鷹嶺ルイ
2025-07-22T22:05:08+09:00,シリーズ/アパレル,ホロナツパラダイス グッズ vol.2,hololive_holonatsuparadisemerch_vol2,https://shop.hololivepro.com/products/hololive_holonatsuparadisemerch_vol2,hololive production official shop,,68,440,3300,Generation_FLOWGLOW | Generation_hololiveEnglish-Advent- | Generation_hololiveEnglish-Council- | Generation_hololiveEnglish-Justice- | Generation_hololiveEnglish-Myth- | Generation_hololiveEnglish-Promise- | Generation_ReGLOSS | Generation_ホロライブ0期生 | Generation_ホロライブ1期生 | Generation_ホロライブ2期生 | Generation_ホロライブ3期生 | Generation_ホロライブ4期生 | Generation_ホロライブ5期生 | Generation_ホロライブインドネシア1期生 | Generation_ホロライブインドネシア2期生 | Generation_ホロライブインドネシア3期生 | Generation_ホロライブゲーマーズ | Generation_秘密結社holoX | Group_hololiveDEV_IS | Group_ホロライブ | Group_ホロライブEnglish | Group_ホロライブインドネシア | holonatsuparadise | Recommended_MERCH | Talent_AZKi | Talent_IRyS | Talent_こぼ・かなえる | Talent_さくらみこ | Talent_ときのそら | Talent_アイラニ・イオフィフティーン | Talent_アキ・ローゼンタール | Talent_アユンダ・リス | Talent_アーニャ・メルフィッサ | Talent_エリザベス・ローズ・ブラッドフレイム | Talent_オーロ・クロニー | Talent_カエラ・コヴァルスキア | Talent_クレイジー・オリー | Talent_シオリ・ノヴェラ | Talent_ジジ・ムリン | Talent_セシリア・イマーグリーン | Talent_ネリッサ・レイヴンクロフト | Talent_ハコス・ベールズ | Talent_パヴォリア・レイネ | Talent_フワワ・アビスガード | Talent_ベスティア・ゼータ | Talent_ムーナ・ホシノヴァ | Talent_モココ・アビスガード | Talent_ラオーラ・パンテーラ | Talent_ラプラス・ダークネス | Talent_ロボ子さん | Talent_一伊那尓栖 | Talent_一条莉々華 | Talent_不知火フレア | Talent_儒烏風亭らでん | Talent_兎田ぺこら | Talent_博衣こより | Talent_古石ビジュー | Talent_夏色まつり | Talent_大神ミオ | Talent_大空スバル | Talent_天音かなた | Talent_姫森ルーナ | Talent_宝鐘マリン | Talent_小鳥遊キアラ | Talent_尾丸ポルカ | Talent_常闇トワ | Talent_戌神ころね | Talent_星街すいせい | Talent_桃鈴ねね | Talent_森カリオペ | Talent_水宮枢 | Talent_火威青 | Talent_猫又おかゆ | Talent_獅白ぼたん | Talent_癒月ちょこ | Talent_白上フブキ | Talent_白銀ノエル | Talent_百鬼あやめ | Talent_綺々羅々ヴィヴィ | Talent_虎金妃笑虎 | Talent_角巻わため | Talent_赤井はあと | Talent_輪堂千速 | Talent_轟はじめ | Talent_雪花ラミィ | Talent_音乃瀬奏 | Talent_響咲リオナ | Talent_風真いろは | Talent_鷹嶺ルイ
2025-07-22T22:46:05+09:00,シリーズ/アパレル,ホロナツパラダイス グッズ vol.2 缶バッジ&チェキ風カードセット,hololive_holonatsuparadisemerch_vol2_buttonbadgeandchekistylecardset,https://shop.hololivepro.com/products/hololive_holonatsuparadisemerch_vol2_buttonbadgeandchekistylecardset,hololive production official shop,,66,990,990,Generation_FLOWGLOW | Generation_hololiveEnglish-Advent- | Generation_hololiveEnglish-Council- | Generation_hololiveEnglish-Justice- | Generation_hololiveEnglish-Myth- | Generation_hololiveEnglish-Promise- | Generation_ReGLOSS | Generation_ホロライブ0期生 | Generation_ホロライブ1期生 | Generation_ホロライブ2期生 | Generation_ホロライブ3期生 | Generation_ホロライブ4期生 | Generation_ホロライブ5期生 | Generation_ホロライブインドネシア1期生 | Generation_ホロライブインドネシア2期生 | Generation_ホロライブインドネシア3期生 | Generation_ホロライブゲーマーズ | Generation_秘密結社holoX | Group_hololiveDEV_IS | Group_ホロライブ | Group_ホロライブEnglish | Group_ホロライブインドネシア | holonatsuparadise | Recommended_MERCH | Talent_AZKi | Talent_IRyS | Talent_こぼ・かなえる | Talent_さくらみこ | Talent_ときのそら | Talent_アイラニ・イオフィフティーン | Talent_アキ・ローゼンタール | Talent_アユンダ・リス | Talent_アーニャ・メルフィッサ | Talent_エリザベス・ローズ・ブラッドフレイム | Talent_オーロ・クロニー | Talent_カエラ・コヴァルスキア | Talent_クレイジー・オリー | Talent_シオリ・ノヴェラ | Talent_ジジ・ムリン | Talent_セシリア・イマーグリーン | Talent_ネリッサ・レイヴンクロフト | Talent_ハコス・ベールズ | Talent_パヴォリア・レイネ | Talent_フワワ・アビスガード | Talent_ベスティア・ゼータ | Talent_ムーナ・ホシノヴァ | Talent_モココ・アビスガード | Talent_ラオーラ・パンテーラ | Talent_ラプラス・ダークネス | Talent_ロボ子さん | Talent_一伊那尓栖 | Talent_一条莉々華 | Talent_不知火フレア | Talent_儒烏風亭らでん | Talent_兎田ぺこら | Talent_博衣こより | Talent_古石ビジュー | Talent_夏色まつり | Talent_大神ミオ | Talent_大空スバル | Talent_天音かなた | Talent_姫森ルーナ | Talent_宝鐘マリン | Talent_小鳥遊キアラ | Talent_尾丸ポルカ | Talent_常闇トワ | Talent_戌神ころね | Talent_星街すいせい | Talent_桃鈴ねね | Talent_森カリオペ | Talent_水宮枢 | Talent_火威青 | Talent_猫又おかゆ | Talent_獅白ぼたん | Talent_癒月ちょこ | Talent_白上フブキ | Talent_白銀ノエル | Talent_百鬼あやめ | Talent_綺々羅々ヴィヴィ | Talent_虎金妃笑虎 | Talent_角巻わため | Talent_赤井はあと | Talent_輪堂千速 | Talent_轟はじめ | Talent_雪花ラミィ | Talent_音乃瀬奏 | Talent_響咲リオナ | Talent_風真いろは | Talent_鷹嶺ルイ
2025-07-23T09:27:04+09:00,ボイス,ロボ子さん「はろー、わーるど！ 月曜のロボ子、スマイル起動中！」ボイス,robocosan_helloworldnowinitializingrobocomondaysmiles_voice,https://shop.hololivepro.com/products/robocosan_helloworldnowinitializingrobocomondaysmiles_voice,Robocosan,,1,2500,2500,Generation_ホロライブ0期生 | Group_ホロライブ | Recommended_デジタルコンテンツ | Talent_ロボ子さん | デジタルのみ | デジタルコンテンツ
2025-07-23T11:01:36+09:00,誕生日記念,水無世燐央 誕生日記念2025,minaserio_birthday_2025,https://shop.hololivepro.com/products/minaserio_birthday_2025,Minase Rio,,10,0,11825,Generation_UPROAR‼︎ | Group_ホロスターズ | Recommended_MERCH | Recommended_デジタルコンテンツ | Talent_水無世燐央 | デジタルコンテンツ | 受注生産商品
2025-07-24T13:26:53+09:00,誕生日記念,虎金妃笑虎 誕生日記念2025,koganeiniko_birthday_2025,https://shop.hololivepro.com/products/koganeiniko_birthday_2025,Koganei Niko,,9,0,19250,Generation_FLOWGLOW | Group_hololiveDEV_IS | Recommended_MERCH | Recommended_デジタルコンテンツ | Talent_虎金妃笑虎 | デジタルコンテンツ | 受注生産商品
2025-07-25T09:52:56+09:00,LIVE/イベント物販,【再販売】宝鐘マリン 1stライブ「Ahoy!! キミたちみんなパイレーツ♡」 ライブグッズ,houshoumarine_1stlive_ahoyyoureallpirates_concertmerch_rerun,https://shop.hololivepro.com/products/houshoumarine_1stlive_ahoyyoureallpirates_concertmerch_rerun,Houshou Marine,,4,2400,4800,Generation_ホロライブ3期生 | Group_ホロライブ | Recommended_MERCH | Talent_宝鐘マリン
2025-07-25T10:35:39+09:00,LIVE/イベント物販,宝鐘マリン 1stライブ「Ahoy!! キミたちみんなパイレーツ♡」 Blu-ray,houshoumarine_1stlive_ahoyyoureallpirates_bluray,https://shop.hololivepro.com/products/houshoumarine_1stlive_ahoyyoureallpirates_bluray,Houshou Marine,,1,9900,9900,Generation_ホロライブ3期生 | Group_ホロライブ | Recommended_MERCH | Talent_宝鐘マリン | 受注生産商品
2025-07-25T11:54:30+09:00,その他,Situation hololive -Cafeteria Series- vol.3,hololive_situationhololive_cafeteriaseries_vol3,https://shop.hololivepro.com/products/hololive_situationhololive_cafeteriaseries_vol3,hololive production official shop,,16,550,4400,Generation_ホロライブ1期生 | Generation_ホロライブゲーマーズ | Group_ホロライブ | Recommended_MERCH | situationhololive | Talent_大神ミオ | Talent_戌神ころね | Talent_猫又おかゆ | Talent_白上フブキ
2025-07-25T17:20:55+09:00,誕生日記念,宝鐘マリン 誕生日記念2025,houshoumarine_birthday_2025,https://shop.hololivepro.com/products/houshoumarine_birthday_2025,Houshou Marine,,9,0,16720,Generation_ホロライブ3期生 | Group_ホロライブ | Recommended_MERCH | Talent_宝鐘マリン | 受注生産商品
2025-07-28T17:18:31+09:00,その他,ホロライブEnglish『Mythmash cheMythtry』,hololiveen_mythmashchemythtry,https://shop.hololivepro.com/products/hololiveen_mythmashchemythtry,hololive English,,22,660,4950,Generation_hololiveEnglish-Myth- | Generation_ホロライブ4期生 | Generation_ホロライブゲーマーズ | Generation_秘密結社holoX | Group_ホロライブ | Group_ホロライブEnglish | Recommended_MERCH | Talent_ラプラス・ダークネス | Talent_一伊那尓栖 | Talent_小鳥遊キアラ | Talent_常闇トワ | Talent_森カリオペ | Talent_猫又おかゆ | 受注生産商品
2025-07-29T09:28:03+09:00,周年/記念,FUWAMOCO 活動2周年記念,fuwamoco_anniversary_2nd,https://shop.hololivepro.com/products/fuwamoco_anniversary_2nd,FUWAMOCO,,10,0,19580,Generation_hololiveEnglish-Advent- | Group_ホロライブEnglish | Recommended_MERCH | Recommended_デジタルコンテンツ | Talent_フワワ・アビスガード | Talent_モココ・アビスガード | デジタルコンテンツ | フワモコ | 受注生産商品
2025-07-29T17:45:11+09:00,LIVE/イベント物販,【受注販売】hololive English 3rd Concert -All for One- ライブグッズ,hololiveen_3rdconcert_allforone_madetoorder,https://shop.hololivepro.com/products/hololiveen_3rdconcert_allforone_madetoorder,hololive English,,20,550,7480,Generation_hololiveEnglish-Advent- | Generation_hololiveEnglish-Council- | Generation_hololiveEnglish-Justice- | Generation_hololiveEnglish-Myth- | Generation_hololiveEnglish-Promise- | Group_ホロライブEnglish | hololiveEN_AllforOne | Recommended_MERCH | Talent_IRyS | Talent_エリザベス・ローズ・ブラッドフレイム | Talent_オーロ・クロニー | Talent_シオリ・ノヴェラ | Talent_ジジ・ムリン | Talent_セシリア・イマーグリーン | Talent_ネリッサ・レイヴンクロフト | Talent_ハコス・ベールズ | Talent_フワワ・アビスガード | Talent_モココ・アビスガード | Talent_ラオーラ・パンテーラ | Talent_一伊那尓栖 | Talent_古石ビジュー | Talent_小鳥遊キアラ | Talent_森カリオペ | 受注生産商品
2025-07-30T09:13:29+09:00,周年/記念,さくらみこ 活動7周年記念,sakuramiko_anniversary_7th,https://shop.hololivepro.com/products/sakuramiko_anniversary_7th,Sakura Miko,,6,0,18040,Generation_ホロライブ0期生 | Group_ホロライブ | Recommended_MERCH | Talent_さくらみこ | 受注生産商品
2025-07-31T13:18:46+09:00,周年/記念,hololive 3rd Generation Anniversary Parade,hololivegen3_anniversary_2025,https://shop.hololivepro.com/products/hololivegen3_anniversary_2025,hololive production official shop,,10,1320,3850,AnniversaryParade | Generation_ホロライブ3期生 | Group_ホロライブ | Recommended_MERCH | Talent_不知火フレア | Talent_兎田ぺこら | Talent_宝鐘マリン | Talent_白銀ノエル | 受注生産商品
2025-08-01T09:43:30+09:00,ボイス,ホロライブ IFドキュメンタリーボイス ～夏の職業（体験）編～,hololive_ifdocumentaryvoice_summerjobepisode,https://shop.hololivepro.com/products/hololive_ifdocumentaryvoice_summerjobepisode,hololive production official shop,,80,500,25000,Generation_FLOWGLOW | Generation_hololiveEnglish-Advent- | Generation_hololiveEnglish-Council- | Generation_hololiveEnglish-Justice- | Generation_hololiveEnglish-Myth- | Generation_hololiveEnglish-Promise- | Generation_ReGLOSS | Generation_ホロライブ0期生 | Generation_ホロライブ1期生 | Generation_ホロライブ2期生 | Generation_ホロライブ3期生 | Generation_ホロライブ5期生 | Generation_ホロライブインドネシア1期生 | Generation_ホロライブインドネシア2期生 | Generation_ホロライブインドネシア3期生 | Generation_ホロライブゲーマーズ | Generation_秘密結社holoX | Group_hololiveDEV_IS | Group_ホロライブ | Group_ホロライブEnglish | Group_ホロライブインドネシア | Recommended_デジタルコンテンツ | Talent_AZKi | Talent_こぼ・かなえる | Talent_ときのそら | Talent_アイラニ・イオフィフティーン | Talent_アユンダ・リス | Talent_エリザベス・ローズ・ブラッドフレイム | Talent_オーロ・クロニー | Talent_カエラ・コヴァルスキア | Talent_クレイジー・オリー | Talent_ネリッサ・レイヴンクロフト | Talent_フワワ・アビスガード | Talent_モココ・アビスガード | Talent_ロボ子さん | Talent_一条莉々華 | Talent_儒烏風亭らでん | Talent_博衣こより | Talent_小鳥遊キアラ | Talent_尾丸ポルカ | Talent_戌神ころね | Talent_水宮枢 | Talent_癒月ちょこ | Talent_白銀ノエル | Talent_綺々羅々ヴィヴィ | Talent_虎金妃笑虎 | Talent_赤井はあと | Talent_輪堂千速 | Talent_雪花ラミィ | Talent_響咲リオナ | デジタルのみ | デジタルコンテンツ
2025-08-04T12:26:00+09:00,その他,-Art Selection- ときのそら,artselection_tokinosora,https://shop.hololivepro.com/products/artselection_tokinosora,Tokino sora,,3,550,5500,artselection | Generation_ホロライブ0期生 | Group_ホロライブ | Recommended_MERCH | Talent_ときのそら
2025-08-04T13:32:24+09:00,その他,-Art Selection- 尾丸ポルカ,artselection_omarupolka,https://shop.hololivepro.com/products/artselection_omarupolka,Omaru Polka,,3,550,5500,artselection | Generation_ホロライブ5期生 | Group_ホロライブ | Recommended_MERCH | Talent_尾丸ポルカ
2025-08-04T16:37:35+09:00,その他,常闇トワ 2nd Album『SHIN』完全生産限定盤,tokoyamitowa_2ndalbum_shin_limited,https://shop.hololivepro.com/products/tokoyamitowa_2ndalbum_shin_limited,Tokoyami Towa,,1,9900,9900,2ndAL_SHIN | CD | Generation_ホロライブ4期生 | Group_ホロライブ | Recommended_MERCH | Talent_常闇トワ
2025-08-04T17:30:21+09:00,その他,常闇トワ 2nd Album『SHIN』通常盤,tokoyamitowa_2ndalbum_shin_regular,https://shop.hololivepro.com/products/tokoyamitowa_2ndalbum_shin_regular,Tokoyami Towa,,2,0,3300,2ndAL_SHIN | CD | Generation_ホロライブ4期生 | Group_ホロライブ | Recommended_MERCH | Talent_常闇トワ
2025-08-05T09:22:10+09:00,誕生日記念,赤井はあと 誕生日記念2025,akaihaato_birthday_2025,https://shop.hololivepro.com/products/akaihaato_birthday_2025,Akai Haato,,10,0,16500,Generation_ホロライブ1期生 | Group_ホロライブ | Recommended_MERCH | Talent_赤井はあと | 受注生産商品
2025-08-05T11:34:19+09:00,誕生日記念,奏手イヅル 誕生日記念2025,kanadeizuru_birthday_2025,https://shop.hololivepro.com/products/kanadeizuru_birthday_2025,Kanade Izuru,,8,0,13860,Generation_ホロスターズ1期生 | Group_ホロスターズ | Recommended_MERCH | Recommended_デジタルコンテンツ | Talent_奏手イヅル | デジタルコンテンツ | 受注生産商品
2025-08-06T09:05:49+09:00,ボイス,ホロライブ 日常ささやき「海辺でまったり」ボイス,hololive_asmr_relaxingbythebeach,https://shop.hololivepro.com/products/hololive_asmr_relaxingbythebeach,hololive production official shop,,17,1000,16000,Generation_FLOWGLOW | Generation_ReGLOSS | Generation_ホロライブ0期生 | Generation_ホロライブ1期生 | Generation_ホロライブ2期生 | Generation_ホロライブ3期生 | Generation_ホロライブ5期生 | Generation_秘密結社holoX | Group_hololiveDEV_IS | Group_ホロライブ | Recommended_デジタルコンテンツ | Talent_AZKi | Talent_ときのそら | Talent_ロボ子さん | Talent_一条莉々華 | Talent_博衣こより | Talent_夏色まつり | Talent_尾丸ポルカ | Talent_桃鈴ねね | Talent_水宮枢 | Talent_癒月ちょこ | Talent_白銀ノエル | Talent_綺々羅々ヴィヴィ | Talent_虎金妃笑虎 | Talent_輪堂千速 | Talent_雪花ラミィ | Talent_響咲リオナ | デジタルのみ | デジタルコンテンツ
2025-08-06T11:11:33+09:00,誕生日記念,常闇トワ 誕生日記念2025,tokoyamitowa_birthday_2025,https://shop.hololivepro.com/products/tokoyamitowa_birthday_2025,Tokoyami Towa,,7,0,14850,Generation_ホロライブ4期生 | Group_ホロライブ | Recommended_MERCH | Talent_常闇トワ | 受注生産商品
2025-08-06T15:32:40+09:00,周年/記念,雪花ラミィ 活動5周年記念,yukihanalamy_anniversary_5th,https://shop.hololivepro.com/products/yukihanalamy_anniversary_5th,Yukihana Lamy,,6,0,16720,Generation_ホロライブ5期生 | Group_ホロライブ | Recommended_MERCH | Talent_雪花ラミィ | 受注生産商品
2025-08-07T09:36:23+09:00,カード/書籍,hololive OFFICIAL CARD GAME スタートデッキ「白 天音かなた」,hololiveofficialcardgame_hsd08,https://shop.hololivepro.com/products/hololiveofficialcardgame_hsd08,hololive production official shop,,1,990,990,_ng_with_normal_group:hcg2409 | addons:shipment:ignore_order | hololiveofficialcardgame | Recommended_MERCH
2025-08-07T10:31:28+09:00,カード/書籍,hololive OFFICIAL CARD GAME スタートデッキ「赤 宝鐘マリン」,hololiveofficialcardgame_hsd09,https://shop.hololivepro.com/products/hololiveofficialcardgame_hsd09,hololive production official shop,,1,990,990,_ng_with_normal_group:hcg2409 | addons:shipment:ignore_order | hololiveofficialcardgame | Recommended_MERCH
2025-08-07T15:07:41+09:00,LIVE/イベント物販,【2次販売】Amane Kanata 1st Solo Live “LOCK ON” ライブグッズ,amanekanata_lockon_secondarysales,https://shop.hololivepro.com/products/amanekanata_lockon_secondarysales,Amane Kanata,,12,0,10800,amanekanata_1stlive | Generation_ホロライブ4期生 | Group_ホロライブ | Recommended_MERCH | Talent_天音かなた | 受注生産商品
2025-08-08T16:53:57+09:00,周年/記念,NePoLaBo Anniversary Parade,nepolabo_anniversary_2025,https://shop.hololivepro.com/products/nepolabo_anniversary_2025,hololive production official shop,,10,1320,3850,AnniversaryParade | Generation_ホロライブ5期生 | Group_ホロライブ | Recommended_MERCH | Talent_尾丸ポルカ | Talent_桃鈴ねね | Talent_獅白ぼたん | Talent_雪花ラミィ | 受注生産商品
2025-08-08T17:35:22+09:00,周年/記念,桃鈴ねね 活動5周年記念,momosuzunene_anniversary_5th,https://shop.hololivepro.com/products/momosuzunene_anniversary_5th,Momosuzu Nene,,9,0,19250,Generation_ホロライブ5期生 | Group_ホロライブ | Recommended_MERCH | Recommended_デジタルコンテンツ | Talent_桃鈴ねね | デジタルコンテンツ | 受注生産商品
2025-08-12T10:21:15+09:00,周年/記念,獅白ぼたん 活動5周年記念,shishirobotan_anniversary_5th,https://shop.hololivepro.com/products/shishirobotan_anniversary_5th,Shishiro Botan,,6,0,18700,Generation_ホロライブ5期生 | Group_ホロライブ | Recommended_MERCH | Talent_獅白ぼたん | 受注生産商品
2025-08-12T13:35:31+09:00,その他,ホロライブEnglish オーディオブック「綾なす想いは、儚きブルー」,hololiveen_audiobook_thetransientblues,https://shop.hololivepro.com/products/hololiveen_audiobook_thetransientblues,hololive English,,7,500,7000,Generation_hololiveEnglish-Advent- | Generation_hololiveEnglish-Council- | Generation_hololiveEnglish-Promise- | Group_ホロライブEnglish | Recommended_デジタルコンテンツ | Talent_オーロ・クロニー | Talent_ネリッサ・レイヴンクロフト | デジタルのみ | デジタルコンテンツ
2025-08-12T16:52:12+09:00,周年/記念,白銀ノエル 新衣装＆活動6周年記念,shiroganenoel_newoutfitandanniversary6th,https://shop.hololivepro.com/products/shiroganenoel_newoutfitandanniversary6th,Shirogane Noel,,9,0,19745,Generation_ホロライブ3期生 | Group_ホロライブ | Recommended_MERCH | Recommended_デジタルコンテンツ | Talent_白銀ノエル | デジタルコンテンツ | 受注生産商品
2025-08-12T17:51:43+09:00,周年/記念,ホロスターズEnglish -TEMPUS- 3周年記念,holostarsentempus_anniversary_3rd,https://shop.hololivepro.com/products/holostarsentempus_anniversary_3rd,HOLOSTARS English,,19,440,6600,Generation_TEMPUS | Group_ホロスターズEnglish | Recommended_MERCH | Talent_アクセル・シリオス | Talent_ガビス・ベッテル | Talent_マキナ・X・フレオン | Talent_リージス・アルテア | Talent_万象院ハッカ | Talent_定水寺シンリ
2025-08-12T22:21:20+09:00,その他,ホロスターズ ぼくらの夏休み〜SUMMER VACATION〜コンテンツブロマイド,holostars_oursummervacation_photoprints,https://shop.hololivepro.com/products/holostars_oursummervacation_photoprints,hololive production official shop,,28,300,1500,_codegen | Generation_UPROAR‼︎ | Generation_ホロスターズ1期生 | Generation_ホロスターズ2期生 | Generation_ホロスターズ3期生 | Group_ホロスターズ | Recommended_デジタルコンテンツ | Talent_アステル・レダ | Talent_アルランディス | Talent_夕刻ロベル | Talent_夜十神封魔 | Talent_奏手イヅル | Talent_岸堂天真 | Talent_影山シエン | Talent_律可 | Talent_水無世燐央 | Talent_羽継烏有 | Talent_花咲みやび | Talent_荒咬オウガ | デジタルのみ | デジタルコンテンツ
2025-08-12T23:13:09+09:00,周年/記念,尾丸ポルカ 活動5周年記念,omarupolka_anniversary_5th,https://shop.hololivepro.com/products/omarupolka_anniversary_5th,Omaru Polka,,8,0,14850,Generation_ホロライブ5期生 | Group_ホロライブ | Recommended_MERCH | Recommended_デジタルコンテンツ | Talent_尾丸ポルカ | デジタルコンテンツ | 受注生産商品
2025-08-14T18:21:52+09:00,その他,ホロライブEnglish -Justice- 3Dお披露目記念,hololiveenjustice_3dshowcasecelebration,https://shop.hololivepro.com/products/hololiveenjustice_3dshowcasecelebration,hololive English,,5,3850,5500,Generation_hololiveEnglish-Justice- | Group_ホロライブEnglish | Recommended_MERCH | Talent_エリザベス・ローズ・ブラッドフレイム | Talent_ジジ・ムリン | Talent_セシリア・イマーグリーン | Talent_ラオーラ・パンテーラ | 受注生産商品
2025-08-15T16:27:33+09:00,誕生日記念,大神ミオ 誕生日記念2025,ookamimio_birthday_2025,https://shop.hololivepro.com/products/ookamimio_birthday_2025,Ookami Mio,,7,0,11400,Generation_ホロライブゲーマーズ | Group_ホロライブ | Recommended_MERCH | Talent_大神ミオ | 受注生産商品
2025-08-18T12:30:28+09:00,復刻/再販売,【再販売】Lovely Okaburi Mascot Series vol.1,hololive_lovelyokaburimascot_vol1_rerun,https://shop.hololivepro.com/products/hololive_lovelyokaburimascot_vol1_rerun,hololive production official shop,,16,550,9900,Generation_ホロライブ0期生 | Generation_ホロライブ3期生 | Group_ホロライブ | LovelyOkaburi | Recommended_MERCH | Talent_AZKi | Talent_兎田ぺこら | 再販
2025-08-19T14:31:47+09:00,その他,ガビス・ベッテル August 19th: The Final Chapter 記念グッズ,gavisbettel_august19ththefinalchapter,https://shop.hololivepro.com/products/gavisbettel_august19ththefinalchapter,Gavis Bettel,,8,0,10340,Generation_TEMPUS | Group_ホロスターズEnglish | Recommended_MERCH | Talent_ガビス・ベッテル | 受注生産商品
2025-08-19T16:12:13+09:00,ボイス,猫又おかゆ『おうちでほろ酔い、猫とまどろむ夜』ASMRボイス,nekomataokayu_asmr_asnoozytipsynightinwiththecat,https://shop.hololivepro.com/products/nekomataokayu_asmr_asnoozytipsynightinwiththecat,Nekomata Okayu,,5,1000,7000,Generation_ホロライブゲーマーズ | Group_ホロライブ | Recommended_デジタルコンテンツ | Talent_猫又おかゆ | デジタルのみ | デジタルコンテンツ
2025-08-22T13:35:47+09:00,ボイス,【再販】ホロライブ・サマー2023 水着デートボイス,hololive_summer2023_swimsuitdatevoice_rerun,https://shop.hololivepro.com/products/hololive_summer2023_swimsuitdatevoice_rerun,hololive production official shop,,27,1000,26000,Generation_hololiveEnglish-Council- | Generation_hololiveEnglish-Myth- | Generation_hololiveEnglish-Promise- | Generation_ホロライブ0期生 | Generation_ホロライブ1期生 | Generation_ホロライブ2期生 | Generation_ホロライブ3期生 | Generation_ホロライブ4期生 | Generation_ホロライブ5期生 | Generation_ホロライブインドネシア1期生 | Generation_ホロライブインドネシア2期生 | Generation_ホロライブインドネシア3期生 | Generation_ホロライブゲーマーズ | Generation_秘密結社holoX | Group_ホロライブ | Group_ホロライブEnglish | Group_ホロライブインドネシア | Recommended_デジタルコンテンツ | Talent_AZKi | Talent_さくらみこ | Talent_アイラニ・イオフィフティーン | Talent_アキ・ローゼンタール | Talent_アユンダ・リス | Talent_オーロ・クロニー | Talent_クレイジー・オリー | Talent_ハコス・ベールズ | Talent_パヴォリア・レイネ | Talent_ベスティア・ゼータ | Talent_ムーナ・ホシノヴァ | Talent_ロボ子さん | Talent_兎田ぺこら | Talent_博衣こより | Talent_夏色まつり | Talent_宝鐘マリン | Talent_尾丸ポルカ | Talent_戌神ころね | Talent_森カリオペ | Talent_沙花叉クロヱ | Talent_猫又おかゆ | Talent_癒月ちょこ | Talent_白銀ノエル | Talent_角巻わため | Talent_雪花ラミィ | Talent_鷹嶺ルイ | デジタルのみ | デジタルコンテンツ
2025-08-22T16:33:32+09:00,LIVE/イベント物販,"【先行発送】AZKi SOLO LiVE 2025 ""Departure""ライブグッズ",azki_sololive2025_departure_advancedshipping,https://shop.hololivepro.com/products/azki_sololive2025_departure_advancedshipping,AZKi,,7,500,13200,_ng_with_normal_group:AZKi_EP0701 | AZKi_sololive2025 | Generation_ホロライブ0期生 | Group_ホロライブ | Recommended_MERCH | Talent_AZKi
2025-08-22T17:16:21+09:00,LIVE/イベント物販,"【受注販売】AZKi SOLO LiVE 2025 ""Departure""ライブグッズ",azki_sololive2025_departure_madetoorder,https://shop.hololivepro.com/products/azki_sololive2025_departure_madetoorder,AZKi,,3,2970,3300,AZKi_sololive2025 | Generation_ホロライブ0期生 | Group_ホロライブ | Recommended_MERCH | Talent_AZKi | 受注生産商品
2025-08-25T14:15:35+09:00,誕生日記念,綺々羅々ヴィヴィ 誕生日記念2025,kikiraravivi_birthday_2025,https://shop.hololivepro.com/products/kikiraravivi_birthday_2025,Kikirara Vivi,,9,0,15620,Generation_FLOWGLOW | Group_hololiveDEV_IS | Recommended_MERCH | Recommended_デジタルコンテンツ | Talent_綺々羅々ヴィヴィ | デジタルコンテンツ | 受注生産商品
2025-08-25T16:41:24+09:00,周年/記念,ホロライブEnglish -Advent- 2周年記念,hololiveenadvent_anniversary_2nd,https://shop.hololivepro.com/products/hololiveenadvent_anniversary_2nd,hololive English,,12,1100,16500,Generation_hololiveEnglish-Advent- | Group_ホロライブEnglish | Recommended_MERCH | Talent_シオリ・ノヴェラ | Talent_ネリッサ・レイヴンクロフト | Talent_フワワ・アビスガード | Talent_モココ・アビスガード | Talent_古石ビジュー | 受注生産商品
2025-08-25T17:44:24+09:00,その他,魔法少女ホロウィッチ！2025年キービジュアルグッズ,hololive_magicalgirlholowitches_2025keyvisualmerch,https://shop.hololivepro.com/products/hololive_magicalgirlholowitches_2025keyvisualmerch,hololive production official shop,,8,990,3300,Generation_ホロライブ0期生 | Generation_ホロライブ1期生 | Generation_ホロライブ3期生 | Generation_ホロライブ4期生 | Generation_ホロライブ5期生 | Generation_ホロライブゲーマーズ | Group_ホロライブ | holowitches | HW2025 | Recommended_MERCH | Talent_さくらみこ | Talent_天音かなた | Talent_姫森ルーナ | Talent_宝鐘マリン | Talent_白上フブキ | Talent_雪花ラミィ
2025-08-26T07:22:40+09:00,ボイス,ホロライブ プリンセスボイス【日本語商品】,hololive_princessvoice_japanese,https://shop.hololivepro.com/products/hololive_princessvoice_japanese,hololive production official shop,,61,500,52000,Generation_FLOWGLOW | Generation_hololiveEnglish-Advent- | Generation_hololiveEnglish-Council- | Generation_hololiveEnglish-Myth- | Generation_hololiveEnglish-Promise- | Generation_ReGLOSS | Generation_ホロライブ0期生 | Generation_ホロライブ1期生 | Generation_ホロライブ2期生 | Generation_ホロライブ3期生 | Generation_ホロライブ4期生 | Generation_ホロライブ5期生 | Generation_ホロライブインドネシア1期生 | Generation_ホロライブインドネシア2期生 | Generation_ホロライブインドネシア3期生 | Generation_秘密結社holoX | Group_hololiveDEV_IS | Group_ホロライブ | Group_ホロライブEnglish | Group_ホロライブインドネシア | PrincessVoice | Recommended_デジタルコンテンツ | Talent_AZKi | Talent_さくらみこ | Talent_アユンダ・リス | Talent_オーロ・クロニー | Talent_クレイジー・オリー | Talent_シオリ・ノヴェラ | Talent_ハコス・ベールズ | Talent_フワワ・アビスガード | Talent_ベスティア・ゼータ | Talent_ムーナ・ホシノヴァ | Talent_モココ・アビスガード | Talent_ロボ子さん | Talent_一条莉々華 | Talent_不知火フレア | Talent_儒烏風亭らでん | Talent_博衣こより | Talent_夏色まつり | Talent_姫森ルーナ | Talent_小鳥遊キアラ | Talent_尾丸ポルカ | Talent_桃鈴ねね | Talent_癒月ちょこ | Talent_白銀ノエル | Talent_綺々羅々ヴィヴィ | Talent_虎金妃笑虎 | Talent_輪堂千速 | Talent_轟はじめ | Talent_響咲リオナ | デジタルのみ | デジタルコンテンツ
2025-08-26T15:35:47+09:00,ボイス,ホロライブ プリンセスボイス【インドネシア語＆英語商品】,hololive_princessvoice_indonesianandenglish,https://shop.hololivepro.com/products/hololive_princessvoice_indonesianandenglish,hololive production official shop,,40,500,34000,Generation_hololiveEnglish-Advent- | Generation_hololiveEnglish-Council- | Generation_hololiveEnglish-Justice- | Generation_hololiveEnglish-Myth- | Generation_hololiveEnglish-Promise- | Generation_ホロライブインドネシア1期生 | Generation_ホロライブインドネシア2期生 | Generation_ホロライブインドネシア3期生 | Group_ホロライブEnglish | Group_ホロライブインドネシア | PrincessVoice | Recommended_デジタルコンテンツ | Talent_アユンダ・リス | Talent_エリザベス・ローズ・ブラッドフレイム | Talent_オーロ・クロニー | Talent_カエラ・コヴァルスキア | Talent_クレイジー・オリー | Talent_シオリ・ノヴェラ | Talent_ネリッサ・レイヴンクロフト | Talent_ハコス・ベールズ | Talent_フワワ・アビスガード | Talent_ベスティア・ゼータ | Talent_ムーナ・ホシノヴァ | Talent_モココ・アビスガード | Talent_ラオーラ・パンテーラ | Talent_小鳥遊キアラ | Talent_森カリオペ | デジタルのみ | デジタルコンテンツ
2025-08-27T14:32:09+09:00,誕生日記念,カエラ・コヴァルスキア 誕生日記念2025,kaelakovalskia_birthday_2025,https://shop.hololivepro.com/products/kaelakovalskia_birthday_2025,Kaela Kovalskia,,9,0,17160,Generation_ホロライブインドネシア3期生 | Group_ホロライブインドネシア | Recommended_MERCH | Talent_カエラ・コヴァルスキア | 受注生産商品
2025-08-28T18:21:46+09:00,カード/書籍,hololive OFFICIAL CARD GAME ブースターパック「エンチャントレガリア」,hololiveofficialcardgame_hbp05,https://shop.hololivepro.com/products/hololiveofficialcardgame_hbp05,hololive production official shop,,1,5280,5280,_ng_with_normal_group:hcg2409 | hololiveofficialcardgame | Recommended_MERCH
2025-08-29T07:32:33+09:00,カード/書籍,hololive OFFICIAL CARD GAME オフィシャルホロカスリーブ vol.17〜vol.21,hololiveofficialcardgame_cardsleeve_vol17-21,https://shop.hololivepro.com/products/hololiveofficialcardgame_cardsleeve_vol17-21,hololive production official shop,,5,990,990,_ng_with_normal_group:hcg2409 | hololiveofficialcardgame | Recommended_MERCH
2025-08-29T09:29:17+09:00,カード/書籍,hololive OFFICIAL CARD GAME オフィシャルホロカケース vol.12〜vol.16,hololiveofficialcardgame_cardcase_vol12-16,https://shop.hololivepro.com/products/hololiveofficialcardgame_cardcase_vol12-16,hololive production official shop,,5,880,880,_ng_with_normal_group:hcg2409 | hololiveofficialcardgame | Recommended_MERCH
2025-08-29T09:55:41+09:00,カード/書籍,hololive OFFICIAL CARD GAME オフィシャルホロカマーカーケース vol.1,hololiveofficialcardgame_countercase_vol1,https://shop.hololivepro.com/products/hololiveofficialcardgame_countercase_vol1,hololive production official shop,,1,660,660,_ng_with_normal_group:hcg2409 | hololiveofficialcardgame | Recommended_MERCH
2025-08-29T12:02:33+09:00,カード/書籍,hololive OFFICIAL CARD GAME オフィシャルマーカーセット Lite,hololiveofficialcardgame_counterset_lite,https://shop.hololivepro.com/products/hololiveofficialcardgame_counterset_lite,hololive production official shop,,1,1650,1650,_ng_with_normal_group:hcg2409 | hololiveofficialcardgame | Recommended_MERCH
2025-09-01T16:02:06+09:00,周年/記念,百鬼あやめ 活動7周年記念,nakiriayame_anniversary_7th,https://shop.hololivepro.com/products/nakiriayame_anniversary_7th,Nakiri Ayame,,10,0,19360,Generation_ホロライブ2期生 | Group_ホロライブ | Recommended_MERCH | Recommended_デジタルコンテンツ | Talent_百鬼あやめ | デジタルコンテンツ | 受注生産商品
2025-09-01T18:00:00+09:00,その他,スタンダード2Dビジュアルシリーズ,hololive_standard2dvisualseries,https://shop.hololivepro.com/products/hololive_standard2dvisualseries,hololive production official shop,,41,440,1650,Generation_ホロライブ0期生 | Generation_ホロライブ1期生 | Generation_ホロライブ2期生 | Generation_ホロライブ3期生 | Generation_ホロライブ4期生 | Generation_ホロライブ5期生 | Generation_ホロライブゲーマーズ | Generation_秘密結社holoX | Group_ホロライブ | Recommended_MERCH | Talent_AZKi | Talent_さくらみこ | Talent_ときのそら | Talent_アキ・ローゼンタール | Talent_ラプラス・ダークネス | Talent_ロボ子さん | Talent_不知火フレア | Talent_兎田ぺこら | Talent_博衣こより | Talent_夏色まつり | Talent_大神ミオ | Talent_大空スバル | Talent_天音かなた | Talent_姫森ルーナ | Talent_宝鐘マリン | Talent_尾丸ポルカ | Talent_常闇トワ | Talent_戌神ころね | Talent_星街すいせい | Talent_桃鈴ねね | Talent_猫又おかゆ | Talent_獅白ぼたん | Talent_癒月ちょこ | Talent_白上フブキ | Talent_白銀ノエル | Talent_百鬼あやめ | Talent_角巻わため | Talent_赤井はあと | Talent_雪花ラミィ | Talent_風真いろは | Talent_鷹嶺ルイ
2025-09-02T14:42:44+09:00,周年/記念,hololive Generation 0 Anniversary Parade,hololivegen0_anniversary_2025,https://shop.hololivepro.com/products/hololivegen0_anniversary_2025,hololive production official shop,,12,1320,3850,AnniversaryParade | Generation_ホロライブ0期生 | Group_ホロライブ | Recommended_MERCH | Talent_AZKi | Talent_さくらみこ | Talent_ときのそら | Talent_ロボ子さん | Talent_星街すいせい | 受注生産商品
2025-09-02T16:40:42+09:00,周年/記念,ホロライブプロダクション 8周年記念,hololiveproduction_anniversary_8th,https://shop.hololivepro.com/products/hololiveproduction_anniversary_8th,hololive production official shop,,1,7480,7480,Generation_ARMIS | Generation_FLOWGLOW | Generation_hololiveEnglish-Advent- | Generation_hololiveEnglish-Council- | Generation_hololiveEnglish-Justice- | Generation_hololiveEnglish-Myth- | Generation_hololiveEnglish-Promise- | Generation_ReGLOSS | Generation_TEMPUS | Generation_UPROAR‼︎ | Generation_ホロスターズ1期生 | Generation_ホロスターズ2期生 | Generation_ホロスターズ3期生 | Generation_ホロライブ0期生 | Generation_ホロライブ1期生 | Generation_ホロライブ2期生 | Generation_ホロライブ3期生 | Generation_ホロライブ4期生 | Generation_ホロライブ5期生 | Generation_ホロライブインドネシア1期生 | Generation_ホロライブインドネシア2期生 | Generation_ホロライブインドネシア3期生 | Generation_ホロライブゲーマーズ | Generation_秘密結社holoX | Group_hololiveDEV_IS | Group_ホロスターズ | Group_ホロスターズEnglish | Group_ホロライブ | Group_ホロライブEnglish | Group_ホロライブインドネシア | Recommended_MERCH | Talent_AZKi | Talent_IRyS | Talent_こぼ・かなえる | Talent_さくらみこ | Talent_ときのそら | Talent_アイラニ・イオフィフティーン | Talent_アキ・ローゼンタール | Talent_アクセル・シリオス | Talent_アステル・レダ | Talent_アユンダ・リス | Talent_アルランディス | Talent_アーニャ・メルフィッサ | Talent_エリザベス・ローズ・ブラッドフレイム | Talent_オクタビオ | Talent_オーロ・クロニー | Talent_カエラ・コヴァルスキア | Talent_ガビス・ベッテル | Talent_クリムゾン・ルーズ | Talent_クレイジー・オリー | Talent_ゴールドブレット | Talent_シオリ・ノヴェラ | Talent_ジジ・ムリン | Talent_ジュラルド・ティー・レクスフォード | Talent_セシリア・イマーグリーン | Talent_ネリッサ・レイヴンクロフト | Talent_ハコス・ベールズ | Talent_パヴォリア・レイネ | Talent_フワワ・アビスガード | Talent_ベスティア・ゼータ | Talent_マキナ・X・フレオン | Talent_ムーナ・ホシノヴァ | Talent_モココ・アビスガード | Talent_ラオーラ・パンテーラ | Talent_ラプラス・ダークネス | Talent_リージス・アルテア | Talent_ロボ子さん | Talent_一伊那尓栖 | Talent_一条莉々華 | Talent_万象院ハッカ | Talent_不知火フレア | Talent_儒烏風亭らでん | Talent_兎田ぺこら | Talent_博衣こより | Talent_古石ビジュー | Talent_夏色まつり | Talent_夕刻ロベル | Talent_夜十神封魔 | Talent_大神ミオ | Talent_大空スバル | Talent_天音かなた | Talent_奏手イヅル | Talent_姫森ルーナ | Talent_定水寺シンリ | Talent_宝鐘マリン | Talent_小鳥遊キアラ | Talent_尾丸ポルカ | Talent_岸堂天真 | Talent_常闇トワ | Talent_影山シエン | Talent_律可 | Talent_戌神ころね | Talent_星街すいせい | Talent_桃鈴ねね | Talent_森カリオペ | Talent_水宮枢 | Talent_水無世燐央 | Talent_火威青 | Talent_猫又おかゆ | Talent_獅白ぼたん | Talent_癒月ちょこ | Talent_白上フブキ | Talent_白銀ノエル | Talent_百鬼あやめ | Talent_綺々羅々ヴィヴィ | Talent_羽継烏有 | Talent_花咲みやび | Talent_荒咬オウガ | Talent_虎金妃笑虎 | Talent_角巻わため | Talent_赤井はあと | Talent_輪堂千速 | Talent_轟はじめ | Talent_雪花ラミィ | Talent_音乃瀬奏 | Talent_響咲リオナ | Talent_風真いろは | Talent_鷹嶺ルイ | 受注生産商品
2025-09-03T09:39:02+09:00,周年/記念,ときのそら 活動8周年記念,tokinosora_anniversary_8th,https://shop.hololivepro.com/products/tokinosora_anniversary_8th,Tokino sora,,8,0,22000,Generation_ホロライブ0期生 | Group_ホロライブ | Recommended_MERCH | Recommended_デジタルコンテンツ | Talent_ときのそら | デジタルコンテンツ | 受注生産商品
2025-09-03T16:38:48+09:00,LIVE/イベント物販,hololive 6th fes. Color Rise Harmony Blu-ray,hololive_6thfes_colorriseharmony_blu-ray,https://shop.hololivepro.com/products/hololive_6thfes_colorriseharmony_blu-ray,hololive production official shop,,1,19800,19800,Generation_hololiveEnglish-Advent- | Generation_hololiveEnglish-Council- | Generation_hololiveEnglish-Justice- | Generation_hololiveEnglish-Myth- | Generation_hololiveEnglish-Promise- | Generation_ホロライブ0期生 | Generation_ホロライブ1期生 | Generation_ホロライブ2期生 | Generation_ホロライブ3期生 | Generation_ホロライブ4期生 | Generation_ホロライブ5期生 | Generation_ホロライブインドネシア1期生 | Generation_ホロライブインドネシア2期生 | Generation_ホロライブインドネシア3期生 | Generation_ホロライブゲーマーズ | Generation_秘密結社holoX | Group_ホロライブ | Group_ホロライブEnglish | Group_ホロライブインドネシア | Recommended_MERCH | Talent_AZKi | Talent_IRyS | Talent_がうる・ぐら | Talent_こぼ・かなえる | Talent_さくらみこ | Talent_ときのそら | Talent_アイラニ・イオフィフティーン | Talent_アキ・ローゼンタール | Talent_アユンダ・リス | Talent_アーニャ・メルフィッサ | Talent_エリザベス・ローズ・ブラッドフレイム | Talent_オーロ・クロニー | Talent_カエラ・コヴァルスキア | Talent_クレイジー・オリー | Talent_シオリ・ノヴェラ | Talent_ジジ・ムリン | Talent_セシリア・イマーグリーン | Talent_ネリッサ・レイヴンクロフト | Talent_ハコス・ベールズ | Talent_パヴォリア・レイネ | Talent_フワワ・アビスガード | Talent_ベスティア・ゼータ | Talent_ムーナ・ホシノヴァ | Talent_モココ・アビスガード | Talent_ラオーラ・パンテーラ | Talent_ラプラス・ダークネス | Talent_ロボ子さん | Talent_一伊那尓栖 | Talent_七詩ムメイ | Talent_不知火フレア | Talent_兎田ぺこら | Talent_博衣こより | Talent_古石ビジュー | Talent_夏色まつり | Talent_大神ミオ | Talent_大空スバル | Talent_天音かなた | Talent_姫森ルーナ | Talent_宝鐘マリン | Talent_小鳥遊キアラ | Talent_尾丸ポルカ | Talent_常闇トワ | Talent_戌神ころね | Talent_星街すいせい | Talent_桃鈴ねね | Talent_森カリオペ | Talent_猫又おかゆ | Talent_獅白ぼたん | Talent_癒月ちょこ | Talent_白上フブキ | Talent_白銀ノエル | Talent_百鬼あやめ | Talent_紫咲シオン | Talent_角巻わため | Talent_赤井はあと | Talent_雪花ラミィ | Talent_風真いろは | Talent_鷹嶺ルイ | 受注生産商品
2025-09-04T13:00:00+09:00,誕生日記念,獅白ぼたん 誕生日記念2025,shishirobotan_birthday_2025,https://shop.hololivepro.com/products/shishirobotan_birthday_2025,Shishiro Botan,,6,0,16500,Generation_ホロライブ5期生 | Group_ホロライブ | Recommended_MERCH | Talent_獅白ぼたん | 受注生産商品
2025-09-04T17:41:05+09:00,周年/記念,ReGLOSS 2周年記念ボイス,hololivedevisregloss_2ndanniversary_voice,https://shop.hololivepro.com/products/hololivedevisregloss_2ndanniversary_voice,hololive DEV_IS,,6,1000,5500,Generation_ReGLOSS | Group_hololiveDEV_IS | Recommended_デジタルコンテンツ | Talent_一条莉々華 | Talent_儒烏風亭らでん | Talent_轟はじめ | Talent_音乃瀬奏 | デジタルのみ | デジタルコンテンツ
2025-09-05T09:38:49+09:00,その他,一条莉々華 一条Corp.グッズ,ichijouririka_ichijoucorp,https://shop.hololivepro.com/products/ichijouririka_ichijoucorp,Ichijou Ririka,,6,0,15730,Generation_ReGLOSS | Group_hololiveDEV_IS | Recommended_MERCH | Talent_一条莉々華 | 受注生産商品
2025-09-05T10:59:47+09:00,誕生日記念,パヴォリア・レイネ 誕生日記念2025,pavoliareine_birthday_2025,https://shop.hololivepro.com/products/pavoliareine_birthday_2025,Pavolia Reine,,8,0,11330,Generation_ホロライブインドネシア2期生 | Group_ホロライブインドネシア | Recommended_MERCH | Recommended_デジタルコンテンツ | Talent_パヴォリア・レイネ | デジタルコンテンツ | 受注生産商品
2025-09-05T12:52:35+09:00,その他,Situation hololive -Cafeteria Series- vol.4,hololive_situationhololive_cafeteriaseries_vol4,https://shop.hololivepro.com/products/hololive_situationhololive_cafeteriaseries_vol4,hololive production official shop,,16,550,4400,Generation_秘密結社holoX | Group_ホロライブ | Recommended_MERCH | situationhololive | Talent_ラプラス・ダークネス | Talent_博衣こより | Talent_風真いろは | Talent_鷹嶺ルイ
2025-09-05T14:07:07+09:00,周年/記念,ReGLOSS 2周年記念,hololivedevisregloss_anniversary_2nd,https://shop.hololivepro.com/products/hololivedevisregloss_anniversary_2nd,hololive DEV_IS,,20,350,4950,Generation_ReGLOSS | Group_hololiveDEV_IS | Recommended_MERCH | Talent_一条莉々華 | Talent_儒烏風亭らでん | Talent_火威青 | Talent_轟はじめ | Talent_音乃瀬奏
2025-09-08T11:04:08+09:00,LIVE/イベント物販,【2次受注】大神ミオ 1st Live.「Our Sparkle」ライブグッズ,ookamimio_oursparkle_secondaryorder,https://shop.hololivepro.com/products/ookamimio_oursparkle_secondaryorder,Ookami Mio,,12,0,13000,Generation_ホロライブゲーマーズ | Group_ホロライブ | ookamimio_1stlive | Recommended_MERCH | Talent_大神ミオ | 受注生産商品
2025-09-08T14:00:19+09:00,その他,ReGLOSS 2nd Album『Snapshot』完全生産限定盤,hololiveregloss_2ndalbum_snapshot_limited,https://shop.hololivepro.com/products/hololiveregloss_2ndalbum_snapshot_limited,hololive DEV_IS,,1,7700,7700,CD | Generation_ReGLOSS | Group_hololiveDEV_IS | Recommended_MERCH | Snapshot | Talent_一条莉々華 | Talent_儒烏風亭らでん | Talent_轟はじめ | Talent_音乃瀬奏
2025-09-08T14:56:59+09:00,その他,ReGLOSS 2nd Album『Snapshot』通常盤,hololiveregloss_2ndalbum_snapshot_regular,https://shop.hololivepro.com/products/hololiveregloss_2ndalbum_snapshot_regular,hololive DEV_IS,,1,3300,3300,CD | Generation_ReGLOSS | Group_hololiveDEV_IS | Recommended_MERCH | Snapshot | Talent_一条莉々華 | Talent_儒烏風亭らでん | Talent_轟はじめ | Talent_音乃瀬奏
2025-09-09T09:52:11+09:00,LIVE/イベント物販,"【先行発送】 Tokoyami Towa 2nd Live ""SHINier""ライブグッズ",tokoyamitowa_2ndlive_shinier_advancedshipping,https://shop.hololivepro.com/products/tokoyamitowa_2ndlive_shinier_advancedshipping,Tokoyami Towa,,7,0,12500,_ng_with_normal_group:TokoyamiTowa_Live0912 | Generation_ホロライブ4期生 | Group_ホロライブ | Recommended_MERCH | Talent_常闇トワ | TokoyamiTowa_shinier
2025-09-09T17:32:14+09:00,LIVE/イベント物販,"【受注販売】Tokoyami Towa 2nd Live ""SHINier""ライブグッズ",tokoyamitowa_2ndlive_shinier_madetoorder,https://shop.hololivepro.com/products/tokoyamitowa_2ndlive_shinier_madetoorder,Tokoyami Towa,,4,1100,5500,Generation_ホロライブ4期生 | Group_ホロライブ | Recommended_MERCH | Talent_常闇トワ | TokoyamiTowa_shinier | 受注生産商品
2025-09-10T09:53:33+09:00,周年/記念,小鳥遊キアラ 活動5周年記念,takanashikiara_anniversary_5th,https://shop.hololivepro.com/products/takanashikiara_anniversary_5th,Takanashi Kiara,,8,0,14300,Generation_hololiveEnglish-Myth- | Group_ホロライブEnglish | Recommended_MERCH | Talent_小鳥遊キアラ | 受注生産商品
2025-09-10T10:24:01+09:00,ボイス,ホロライブ 日常ささやき「キミとつながる電話」ボイス,hololive_asmr_connectingthroughthephone,https://shop.hololivepro.com/products/hololive_asmr_connectingthroughthephone,hololive production official shop,,16,1000,15000,Generation_FLOWGLOW | Generation_ReGLOSS | Generation_ホロライブ0期生 | Generation_ホロライブ1期生 | Generation_ホロライブ2期生 | Generation_ホロライブ3期生 | Generation_ホロライブ5期生 | Generation_秘密結社holoX | Group_hololiveDEV_IS | Group_ホロライブ | Recommended_デジタルコンテンツ | Talent_AZKi | Talent_ときのそら | Talent_アキ・ローゼンタール | Talent_一条莉々華 | Talent_博衣こより | Talent_夏色まつり | Talent_尾丸ポルカ | Talent_水宮枢 | Talent_白銀ノエル | Talent_百鬼あやめ | Talent_綺々羅々ヴィヴィ | Talent_赤井はあと | Talent_輪堂千速 | Talent_雪花ラミィ | Talent_響咲リオナ | デジタルのみ | デジタルコンテンツ
2025-09-10T12:32:15+09:00,その他,風真いろは 新衣装記念2025,kazamairoha_newoutfit_2025,https://shop.hololivepro.com/products/kazamairoha_newoutfit_2025,Kazama Iroha,,5,0,11550,Generation_秘密結社holoX | Group_ホロライブ | Recommended_MERCH | Talent_風真いろは | 受注生産商品
2025-09-10T12:41:31+09:00,周年/記念,一伊那尓栖 活動5周年記念,ninomaeinanis_anniversary_5th,https://shop.hololivepro.com/products/ninomaeinanis_anniversary_5th,Ninomae Ina'nis,,8,0,13530,Generation_hololiveEnglish-Myth- | Group_ホロライブEnglish | Recommended_MERCH | Talent_一伊那尓栖 | 受注生産商品
2025-09-10T15:03:11+09:00,周年/記念,森カリオペ 活動5周年記念,moricalliope_anniversary_5th,https://shop.hololivepro.com/products/moricalliope_anniversary_5th,Mori Calliope,,9,0,14080,Generation_hololiveEnglish-Myth- | Group_ホロライブEnglish | Recommended_MERCH | Recommended_デジタルコンテンツ | Talent_森カリオペ | デジタルコンテンツ | 受注生産商品
2025-09-11T13:41:14+09:00,シリーズ/アパレル,hololive closet ときのそら パーカー衣装,tokinosora_hololivecloset_hoodieoutfit,https://shop.hololivepro.com/products/tokinosora_hololivecloset_hoodieoutfit,Tokino sora,,1,1760,1760,Generation_ホロライブ0期生 | Group_ホロライブ | holoclosetgen0 | holoclosetnew | hololivecloset | Recommended_MERCH | Talent_ときのそら
2025-09-11T13:42:23+09:00,シリーズ/アパレル,hololive closet 百鬼あやめ  かわ余ジャージ衣装,nakiriayame_hololivecloset_cutiejerseyoutfit,https://shop.hololivepro.com/products/nakiriayame_hololivecloset_cutiejerseyoutfit,Nakiri Ayame,,1,1760,1760,Generation_ホロライブ2期生 | Group_ホロライブ | holoclosetgen2 | holoclosetnew | hololivecloset | Recommended_MERCH | Talent_百鬼あやめ
2025-09-11T13:43:44+09:00,シリーズ/アパレル,hololive closet 大神ミオ アナザー衣装,ookamimio_hololivecloset_theanotheroutfit,https://shop.hololivepro.com/products/ookamimio_hololivecloset_theanotheroutfit,Ookami Mio,,1,1760,1760,Generation_ホロライブゲーマーズ | Group_ホロライブ | holoclosetgamers | holoclosetnew | hololivecloset | Recommended_MERCH | Talent_大神ミオ
2025-09-11T13:44:49+09:00,シリーズ/アパレル,hololive closet 戌神ころね 部屋着衣装,inugamikorone_hololivecloset_roomwearoutfit,https://shop.hololivepro.com/products/inugamikorone_hololivecloset_roomwearoutfit,Inugami Korone,,1,1760,1760,Generation_ホロライブゲーマーズ | Group_ホロライブ | holoclosetgamers | holoclosetnew | hololivecloset | Recommended_MERCH | Talent_戌神ころね
2025-09-11T13:45:28+09:00,シリーズ/アパレル,hololive closet 天音かなた 地雷パンク衣装,amanekanata_hololivecloset_cutesypunkoutfit,https://shop.hololivepro.com/products/amanekanata_hololivecloset_cutesypunkoutfit,Amane Kanata,,1,1760,1760,Generation_ホロライブ4期生 | Group_ホロライブ | holoclosetgen4 | holoclosetnew | hololivecloset | Recommended_MERCH | Talent_天音かなた
2025-09-11T13:46:23+09:00,シリーズ/アパレル,hololive closet 雪花ラミィ 部屋着衣装,yukihanalamy_hololivecloset_roomwearoutfit,https://shop.hololivepro.com/products/yukihanalamy_hololivecloset_roomwearoutfit,Yukihana Lamy,,1,1760,1760,Generation_ホロライブ5期生 | Group_ホロライブ | holoclosetgen5 | holoclosetnew | hololivecloset | Recommended_MERCH | Talent_雪花ラミィ
2025-09-11T13:47:23+09:00,シリーズ/アパレル,hololive closet 獅白ぼたん 深夜コンビニ衣装,shishirobotan_hololivecloset_midnightconveniencestoreoutfit,https://shop.hololivepro.com/products/shishirobotan_hololivecloset_midnightconveniencestoreoutfit,Shishiro Botan,,1,1760,1760,Generation_ホロライブ5期生 | Group_ホロライブ | holoclosetgen5 | holoclosetnew | hololivecloset | Recommended_MERCH | Talent_獅白ぼたん
2025-09-11T13:48:13+09:00,シリーズ/アパレル,hololive closet 常闇トワ 魔界制服衣装,tokoyamitowa_hololivecloset_underworlduniformoutfit,https://shop.hololivepro.com/products/tokoyamitowa_hololivecloset_underworlduniformoutfit,Tokoyami Towa,,1,1760,1760,Generation_ホロライブ4期生 | Group_ホロライブ | holoclosetgen4 | holoclosetnew | hololivecloset | Recommended_MERCH | Talent_常闇トワ
2025-09-11T13:49:47+09:00,シリーズ/アパレル,hololive closet ラプラス・ダークネス ゲームする時に着る衣装,laplusdarknesss_hololivecloset_mygamingoutfit,https://shop.hololivepro.com/products/laplusdarknesss_hololivecloset_mygamingoutfit,La+ Darknesss,,1,1760,1760,Generation_秘密結社holoX | Group_ホロライブ | holoclosetholox | holoclosetnew | hololivecloset | Recommended_MERCH | Talent_ラプラス・ダークネス
2025-09-11T16:30:44+09:00,LIVE/イベント物販,"AZKi SOLO LiVE 2025 ""Departure"" デジタルメッセージボード",azki_departure_digitalmessageboard,https://shop.hololivepro.com/products/azki_departure_digitalmessageboard,AZKi,,2,3000,6000,_ng_with_normal_group:AZKi_DMB0916 | DigitalContents | Generation_ホロライブ0期生 | Group_ホロライブ | Recommended_デジタルコンテンツ | Talent_AZKi | デジタルのみ | デジタルコンテンツ
2025-09-12T12:12:28+09:00,周年/記念,hololive 2nd Generation Anniversary Parade,hololivegen2_anniversary_2025,https://shop.hololivepro.com/products/hololivegen2_anniversary_2025,hololive production official shop,,8,1320,3850,AnniversaryParade | Generation_ホロライブ2期生 | Group_ホロライブ | Recommended_MERCH | Talent_大空スバル | Talent_癒月ちょこ | Talent_百鬼あやめ | 受注生産商品
2025-09-16T09:45:29+09:00,シリーズ/アパレル,hololive Seasonal Days オータムスクールダイアリー,hololive_seasonaldays_autumnschooldiaries,https://shop.hololivepro.com/products/hololive_seasonaldays_autumnschooldiaries,hololive production official shop,,14,400,3850,Generation_ホロライブ1期生 | Generation_ホロライブ4期生 | Generation_ホロライブゲーマーズ | Group_ホロライブ | hololive_seasonaldays | Recommended_MERCH | Talent_アキ・ローゼンタール | Talent_猫又おかゆ | Talent_角巻わため | Talent_赤井はあと
2025-09-16T19:18:41+09:00,LIVE/イベント物販,"Tokoyami Towa 2nd  Live ""SHINier"" デジタルメッセージボード",tokoyamitowa_shinier_digitalmessageboard,https://shop.hololivepro.com/products/tokoyamitowa_shinier_digitalmessageboard,Tokoyami Towa,,2,3000,6000,_ng_with_normal_group:TokoyamiTowa_DMB0919 | DigitalContents | Generation_ホロライブ4期生 | Group_ホロライブ | Recommended_デジタルコンテンツ | Talent_常闇トワ | デジタルのみ | デジタルコンテンツ
2025-09-17T07:04:07+09:00,その他,クレイジー・オリー 新衣装記念2025,kureijiollie_newoutfit_2025,https://shop.hololivepro.com/products/kureijiollie_newoutfit_2025,Kureiji Ollie,,9,0,17710,Generation_ホロライブインドネシア2期生 | Group_ホロライブインドネシア | Recommended_MERCH | Recommended_デジタルコンテンツ | Talent_クレイジー・オリー | デジタルコンテンツ | 受注生産商品
2025-09-17T07:11:12+09:00,周年/記念,ホロライブEnglish -Myth- 5周年記念,hololiveenmyth_anniversary_5th,https://shop.hololivepro.com/products/hololiveenmyth_anniversary_5th,hololive English,,10,550,4950,Generation_hololiveEnglish-Myth- | Group_ホロライブEnglish | Recommended_MERCH | Talent_一伊那尓栖 | Talent_小鳥遊キアラ | Talent_森カリオペ | 受注生産商品
2025-09-18T17:22:33+09:00,その他,鷹嶺ルイ 2nd Album『Lapis Lazuli』完全生産限定盤,takanelui_2ndalbum_lapislazuli_limited,https://shop.hololivepro.com/products/takanelui_2ndalbum_lapislazuli_limited,Takane Lui,,1,7700,7700,2ndAL_LapisLazuli | CD | Generation_秘密結社holoX | Group_ホロライブ | Recommended_MERCH | Talent_鷹嶺ルイ
2025-09-18T17:41:45+09:00,その他,鷹嶺ルイ 2nd Album『Lapis Lazuli』通常盤,takanelui_2ndalbum_lapislazuli_regular,https://shop.hololivepro.com/products/takanelui_2ndalbum_lapislazuli_regular,Takane Lui,,1,3850,3850,2ndAL_LapisLazuli | CD | Generation_秘密結社holoX | Group_ホロライブ | Recommended_MERCH | Talent_鷹嶺ルイ
2025-09-18T19:29:11+09:00,ボイス,【再販】アユンダ・リス ボイスアーカイブ,ayundarisu_voicearchive,https://shop.hololivepro.com/products/ayundarisu_voicearchive,Ayunda Risu,,4,400,700,Generation_ホロライブインドネシア1期生 | Group_ホロライブインドネシア | Recommended_デジタルコンテンツ | Talent_アユンダ・リス | VoiceArchive | デジタルのみ | デジタルコンテンツ
2025-09-18T20:15:45+09:00,ボイス,【再販】ホロライブインドネシア1期生 ボイスアーカイブ,hololiveid_1stgen_voicearchive,https://shop.hololivepro.com/products/hololiveid_1stgen_voicearchive,hololive Indonesia,,9,200,200,Generation_ホロライブインドネシア1期生 | Group_ホロライブインドネシア | Recommended_デジタルコンテンツ | Talent_アイラニ・イオフィフティーン | Talent_アユンダ・リス | Talent_ムーナ・ホシノヴァ | VoiceArchive | デジタルのみ | デジタルコンテンツ
2025-09-18T20:16:13+09:00,ボイス,【再販】ムーナ・ホシノヴァ ボイスアーカイブ,moonahoshinova_voicearchive,https://shop.hololivepro.com/products/moonahoshinova_voicearchive,Moona Hoshinova,,4,400,700,Generation_ホロライブインドネシア1期生 | Group_ホロライブインドネシア | Recommended_デジタルコンテンツ | Talent_ムーナ・ホシノヴァ | VoiceArchive | デジタルのみ | デジタルコンテンツ
2025-09-18T20:21:31+09:00,ボイス,【再販】アイラニ・イオフィフティーン ボイスアーカイブ,airaniiofifteen_voicearchive,https://shop.hololivepro.com/products/airaniiofifteen_voicearchive,Airani Iofifteen,,7,200,1000,Generation_ホロライブインドネシア1期生 | Group_ホロライブインドネシア | Recommended_デジタルコンテンツ | Talent_アイラニ・イオフィフティーン | VoiceArchive | デジタルのみ | デジタルコンテンツ
2025-09-19T09:35:29+09:00,ボイス,ホロライブEnglish タンデムボイスドラマ「荒野の八人」,hololiveen_tandem_thewranglersandthewrangled,https://shop.hololivepro.com/products/hololiveen_tandem_thewranglersandthewrangled,hololive English,,9,500,8000,Generation_hololiveEnglish-Advent- | Generation_hololiveEnglish-Council- | Generation_hololiveEnglish-Justice- | Generation_hololiveEnglish-Myth- | Generation_hololiveEnglish-Promise- | Group_ホロライブEnglish | Recommended_デジタルコンテンツ | Talent_オーロ・クロニー | Talent_ジジ・ムリン | Talent_セシリア・イマーグリーン | Talent_ネリッサ・レイヴンクロフト | Talent_ラオーラ・パンテーラ | Talent_古石ビジュー | Talent_小鳥遊キアラ | Talent_森カリオペ | デジタルのみ | デジタルコンテンツ
2025-09-19T11:48:48+09:00,ボイス,【再販】癒月ちょこ ボイスアーカイブ,yuzukichoco_voicearchive,https://shop.hololivepro.com/products/yuzukichoco_voicearchive,Yuzuki Choco,,51,1000,5000,Generation_ホロライブ2期生 | Group_ホロライブ | Recommended_デジタルコンテンツ | Talent_癒月ちょこ | VoiceArchive | デジタルのみ | デジタルコンテンツ
2025-09-19T12:03:19+09:00,ボイス,【再販】花咲みやび ボイスアーカイブ,hanasakimiyabi_voicearchive,https://shop.hololivepro.com/products/hanasakimiyabi_voicearchive,Hanasaki Miyabi,,8,500,1000,Generation_ホロスターズ1期生 | Group_ホロスターズ | Recommended_デジタルコンテンツ | Talent_花咲みやび | VoiceArchive | デジタルのみ | デジタルコンテンツ
2025-09-19T14:20:19+09:00,ボイス,【再販】奏手イヅル ボイスアーカイブ,kanadeizuru_voicearchive,https://shop.hololivepro.com/products/kanadeizuru_voicearchive,Kanade Izuru,,4,500,1000,Generation_ホロスターズ1期生 | Group_ホロスターズ | Recommended_デジタルコンテンツ | Talent_奏手イヅル | VoiceArchive | デジタルのみ | デジタルコンテンツ
2025-09-19T15:17:41+09:00,ボイス,【再販】律可 ボイスアーカイブ,rikka_voicearchive,https://shop.hololivepro.com/products/rikka_voicearchive,Rikka,,7,500,2000,Generation_ホロスターズ1期生 | Group_ホロスターズ | Recommended_デジタルコンテンツ | Talent_律可 | VoiceArchive | デジタルのみ | デジタルコンテンツ
2025-09-19T16:58:54+09:00,カード/書籍,"hololive OFFICIAL CARD GAME English Edition Start Deck ""Purple - Yuzuki Choco""",hololiveofficialcardgame_hsd04e,https://shop.hololivepro.com/products/hololiveofficialcardgame_hsd04e,hololive production official shop,,1,1346,1346,_ng_with_normal_group:hcg2409 | hololiveofficialcardgame | hololiveofficialcardgame_Englishedition | Recommended_MERCH
2025-09-22T09:36:59+09:00,カード/書籍,"hololive OFFICIAL CARD GAME English Edition Start Deck ""Blue - Nekomata Okayu""",hololiveofficialcardgame_hsd03e,https://shop.hololivepro.com/products/hololiveofficialcardgame_hsd03e,hololive production official shop,,1,1346,1346,_ng_with_normal_group:hcg2409 | hololiveofficialcardgame | hololiveofficialcardgame_Englishedition | Recommended_MERCH
2025-09-22T09:44:30+09:00,カード/書籍,"hololive OFFICIAL CARD GAME English Edition Start Deck ""Red - Nakiri Ayame""",hololiveofficialcardgame_hsd02e,https://shop.hololivepro.com/products/hololiveofficialcardgame_hsd02e,hololive production official shop,,1,1346,1346,_ng_with_normal_group:hcg2409 | hololiveofficialcardgame | hololiveofficialcardgame_Englishedition | Recommended_MERCH
2025-09-22T09:51:56+09:00,カード/書籍,"hololive OFFICIAL CARD GAME English Edition Booster Pack ""Quintet Spectrum""",hololiveofficialcardgame_hbp02e,https://shop.hololivepro.com/products/hololiveofficialcardgame_hbp02e,hololive production official shop,,1,8971,8971,_ng_with_normal_group:hcg2409 | hololiveofficialcardgame | hololiveofficialcardgame_Englishedition | Recommended_MERCH
2025-09-22T13:50:48+09:00,その他,不知火フレア 新衣装記念2025,shiranuiflare_newoutfit_2025,https://shop.hololivepro.com/products/shiranuiflare_newoutfit_2025,Shiranui Flare,,8,0,16445,Generation_ホロライブ3期生 | Group_ホロライブ | Recommended_MERCH | Talent_不知火フレア | 受注生産商品
2025-09-22T18:47:56+09:00,ボイス,【再販】ときのそら ボイスアーカイブ,tokinosora_voicearchive,https://shop.hololivepro.com/products/tokinosora_voicearchive,Tokino sora,,1,1000,1000,Generation_ホロライブ0期生 | Group_ホロライブ | Recommended_デジタルコンテンツ | Talent_ときのそら | VoiceArchive | デジタルのみ | デジタルコンテンツ
2025-09-22T19:02:19+09:00,ボイス,【再販】赤井はあと ボイスアーカイブ,akaihaato_voicearchive,https://shop.hololivepro.com/products/akaihaato_voicearchive,Akai Haato,,5,500,2000,Generation_ホロライブ1期生 | Group_ホロライブ | Recommended_デジタルコンテンツ | Talent_赤井はあと | VoiceArchive | デジタルのみ | デジタルコンテンツ
2025-09-22T19:40:02+09:00,ボイス,【再販】アキ・ローゼンタール ボイスアーカイブ,akirosenthal_voicearchive,https://shop.hololivepro.com/products/akirosenthal_voicearchive,Aki Rosenthal,,26,200,3500,Generation_ホロライブ1期生 | Group_ホロライブ | Recommended_デジタルコンテンツ | Talent_アキ・ローゼンタール | VoiceArchive | デジタルのみ | デジタルコンテンツ
2025-09-22T20:28:55+09:00,ボイス,【再販】宝鐘マリン ボイスアーカイブ,houshoumarine_voicearchive,https://shop.hololivepro.com/products/houshoumarine_voicearchive,Houshou Marine,,3,2000,2000,Generation_ホロライブ3期生 | Group_ホロライブ | Recommended_デジタルコンテンツ | Talent_宝鐘マリン | VoiceArchive | デジタルのみ | デジタルコンテンツ
2025-09-24T11:22:17+09:00,ボイス,【再販】岸堂天真 ボイスアーカイブ,kishidotemma_voicearchive,https://shop.hololivepro.com/products/kishidotemma_voicearchive,Kishido Temma,,7,500,1000,Generation_ホロスターズ2期生 | Group_ホロスターズ | Recommended_デジタルコンテンツ | Talent_岸堂天真 | VoiceArchive | デジタルのみ | デジタルコンテンツ
2025-09-24T11:58:50+09:00,ボイス,【再販】夕刻ロベル ボイスアーカイブ,yukokuroberu_voicearchive,https://shop.hololivepro.com/products/yukokuroberu_voicearchive,Yukoku Roberu,,4,500,1000,Generation_ホロスターズ2期生 | Group_ホロスターズ | Recommended_デジタルコンテンツ | Talent_夕刻ロベル | VoiceArchive | デジタルのみ | デジタルコンテンツ
2025-09-24T12:27:53+09:00,ボイス,【再販】アステル・レダ ボイスアーカイブ,astelleda_voicearchive,https://shop.hololivepro.com/products/astelleda_voicearchive,Astel Leda,,6,500,1500,Generation_ホロスターズ2期生 | Group_ホロスターズ | Recommended_デジタルコンテンツ | Talent_アステル・レダ | VoiceArchive | デジタルのみ | デジタルコンテンツ
2025-09-24T14:28:16+09:00,ボイス,【再販】アーニャ・メルフィッサ ボイスアーカイブ,anyamelfissa_voicearchive,https://shop.hololivepro.com/products/anyamelfissa_voicearchive,Anya Melfissa,,5,300,1500,Generation_ホロライブインドネシア2期生 | Group_ホロライブインドネシア | Recommended_デジタルコンテンツ | Talent_アーニャ・メルフィッサ | VoiceArchive | デジタルのみ | デジタルコンテンツ
2025-09-24T14:31:17+09:00,ボイス,【再販】パヴォリア・レイネ ボイスアーカイブ,pavoliareine_voicearchive,https://shop.hololivepro.com/products/pavoliareine_voicearchive,Pavolia Reine,,4,400,700,Generation_ホロライブインドネシア2期生 | Group_ホロライブインドネシア | Recommended_デジタルコンテンツ | Talent_パヴォリア・レイネ | VoiceArchive | デジタルのみ | デジタルコンテンツ
2025-09-24T14:32:51+09:00,ボイス,【再販】ホロライブインドネシア2期生 ボイスアーカイブ,hololiveid_2ndgen_voicearchive,https://shop.hololivepro.com/products/hololiveid_2ndgen_voicearchive,hololive Indonesia,,9,200,200,Generation_ホロライブインドネシア2期生 | Group_ホロライブインドネシア | Recommended_デジタルコンテンツ | Talent_アーニャ・メルフィッサ | Talent_クレイジー・オリー | Talent_パヴォリア・レイネ | VoiceArchive | デジタルのみ | デジタルコンテンツ
2025-09-24T15:12:45+09:00,ボイス,【再販】影山シエン ボイスアーカイブ,kageyamashien_voicearchive,https://shop.hololivepro.com/products/kageyamashien_voicearchive,Kageyama Shien,,3,500,2000,Generation_ホロスターズ3期生 | Group_ホロスターズ | Recommended_デジタルコンテンツ | Talent_影山シエン | VoiceArchive | デジタルのみ | デジタルコンテンツ
2025-09-24T15:42:52+09:00,ボイス,【再販】荒咬オウガ ボイスアーカイブ,aragamioga_voicearchive,https://shop.hololivepro.com/products/aragamioga_voicearchive,Aragami Oga,,2,500,2000,Generation_ホロスターズ3期生 | Group_ホロスターズ | Recommended_デジタルコンテンツ | Talent_荒咬オウガ | VoiceArchive | デジタルのみ | デジタルコンテンツ
2025-09-24T15:51:08+09:00,ボイス,【再販】小鳥遊キアラ ボイスアーカイブ,takanashikiara_voicearchive,https://shop.hololivepro.com/products/takanashikiara_voicearchive,Takanashi Kiara,,2,1500,2000,Generation_hololiveEnglish-Myth- | Group_ホロライブEnglish | Recommended_デジタルコンテンツ | Talent_小鳥遊キアラ | VoiceArchive | デジタルのみ | デジタルコンテンツ
2025-09-24T16:10:53+09:00,誕生日記念,夕刻ロベル 誕生日記念2025,yukokuroberu_birthday_2025,https://shop.hololivepro.com/products/yukokuroberu_birthday_2025,Yukoku Roberu,,7,0,16830,Generation_ホロスターズ2期生 | Group_ホロスターズ | Recommended_MERCH | Talent_夕刻ロベル | 受注生産商品
2025-09-25T12:59:42+09:00,ボイス,【再販】角巻わため ボイスアーカイブ,tsunomakiwatame_voicearchive,https://shop.hololivepro.com/products/tsunomakiwatame_voicearchive,Tsunomaki Watame,,10,500,3000,Generation_ホロライブ4期生 | Group_ホロライブ | Recommended_デジタルコンテンツ | Talent_角巻わため | VoiceArchive | デジタルのみ | デジタルコンテンツ
2025-09-25T16:02:26+09:00,ボイス,【再販】常闇トワ ボイスアーカイブ,tokoyamitowa_voicearchive,https://shop.hololivepro.com/products/tokoyamitowa_voicearchive,Tokoyami Towa,,2,1000,1000,Generation_ホロライブ4期生 | Group_ホロライブ | Recommended_デジタルコンテンツ | Talent_常闇トワ | VoiceArchive | デジタルのみ | デジタルコンテンツ
2025-09-25T17:23:59+09:00,ボイス,【再販】雪花ラミィ ボイスアーカイブ,yukihanalamy_voicearchive,https://shop.hololivepro.com/products/yukihanalamy_voicearchive,Yukihana Lamy,,4,1000,2000,Generation_ホロライブ5期生 | Group_ホロライブ | Recommended_デジタルコンテンツ | Talent_雪花ラミィ | VoiceArchive | デジタルのみ | デジタルコンテンツ
2025-09-25T17:24:39+09:00,ボイス,【再販】桃鈴ねね ボイスアーカイブ,momosuzunene_voicearchive,https://shop.hololivepro.com/products/momosuzunene_voicearchive,Momosuzu Nene,,6,1000,1000,Generation_ホロライブ5期生 | Group_ホロライブ | Recommended_デジタルコンテンツ | Talent_桃鈴ねね | VoiceArchive | デジタルのみ | デジタルコンテンツ
2025-09-25T17:25:06+09:00,ボイス,【再販】獅白ぼたん ボイスアーカイブ,shishirobotan_voicearchive,https://shop.hololivepro.com/products/shishirobotan_voicearchive,Shishiro Botan,,5,1000,2000,Generation_ホロライブ5期生 | Group_ホロライブ | Recommended_デジタルコンテンツ | Talent_獅白ぼたん | VoiceArchive | デジタルのみ | デジタルコンテンツ
2025-09-25T17:25:36+09:00,ボイス,【再販】尾丸ポルカ ボイスアーカイブ,omarupolka_voicearchive,https://shop.hololivepro.com/products/omarupolka_voicearchive,Omaru Polka,,7,1000,1500,Generation_ホロライブ5期生 | Group_ホロライブ | Recommended_デジタルコンテンツ | Talent_尾丸ポルカ | VoiceArchive | デジタルのみ | デジタルコンテンツ
2025-09-25T17:26:13+09:00,ボイス,【再販】姫森ルーナ ボイスアーカイブ,himemoriluna_voicearchive,https://shop.hololivepro.com/products/himemoriluna_voicearchive,Himemori Luna,,14,1000,2000,Generation_ホロライブ4期生 | Group_ホロライブ | Recommended_デジタルコンテンツ | Talent_姫森ルーナ | VoiceArchive | デジタルのみ | デジタルコンテンツ
2025-09-25T19:24:35+09:00,ボイス,【再販】ロボ子さん ボイスアーカイブ,robocosan_voicearchive,https://shop.hololivepro.com/products/robocosan_voicearchive,Robocosan,,36,500,5000,Generation_ホロライブ0期生 | Group_ホロライブ | Recommended_デジタルコンテンツ | Talent_ロボ子さん | VoiceArchive | デジタルのみ | デジタルコンテンツ
2025-09-25T19:27:24+09:00,ボイス,【再販】さくらみこ ボイスアーカイブ,sakuramiko_voicearchive,https://shop.hololivepro.com/products/sakuramiko_voicearchive,Sakura Miko,,17,500,5000,Generation_ホロライブ0期生 | Group_ホロライブ | Recommended_デジタルコンテンツ | Talent_さくらみこ | VoiceArchive | デジタルのみ | デジタルコンテンツ
2025-09-25T19:29:22+09:00,ボイス,【再販】白上フブキ ボイスアーカイブ,shirakamifubuki_voicearchive,https://shop.hololivepro.com/products/shirakamifubuki_voicearchive,Shirakami Fubuki,,11,500,2500,Generation_ホロライブ1期生 | Generation_ホロライブゲーマーズ | Group_ホロライブ | Recommended_デジタルコンテンツ | Talent_白上フブキ | VoiceArchive | デジタルのみ | デジタルコンテンツ
2025-09-25T19:30:21+09:00,ボイス,【再販】夏色まつり ボイスアーカイブ,natsuiromatsuri_voicearchive,https://shop.hololivepro.com/products/natsuiromatsuri_voicearchive,Natsuiro Matsuri,,34,200,3000,Generation_ホロライブ1期生 | Group_ホロライブ | Recommended_デジタルコンテンツ | Talent_夏色まつり | VoiceArchive | デジタルのみ | デジタルコンテンツ
2025-09-25T19:33:50+09:00,ボイス,【再販】百鬼あやめ ボイスアーカイブ,nakiriayame_voicearchive,https://shop.hololivepro.com/products/nakiriayame_voicearchive,Nakiri Ayame,,20,500,2500,Generation_ホロライブ2期生 | Group_ホロライブ | Recommended_デジタルコンテンツ | Talent_百鬼あやめ | VoiceArchive | デジタルのみ | デジタルコンテンツ
2025-09-26T09:32:03+09:00,その他,FLOW GLOW's MIXTAPE 02,hololivedevisflowglow_mixtape_02,https://shop.hololivepro.com/products/hololivedevisflowglow_mixtape_02,hololive FLOW GLOW,,9,550,8250,flowglow_mixtape | Generation_FLOWGLOW | Group_hololiveDEV_IS | Recommended_MERCH | Talent_水宮枢 | Talent_綺々羅々ヴィヴィ | Talent_虎金妃笑虎 | Talent_輪堂千速 | Talent_響咲リオナ
2025-09-26T11:53:11+09:00,ボイス,【再販】天音かなた ボイスアーカイブ,amanekanata_voicearchive,https://shop.hololivepro.com/products/amanekanata_voicearchive,Amane Kanata,,14,500,2000,Generation_ホロライブ4期生 | Group_ホロライブ | Recommended_デジタルコンテンツ | Talent_天音かなた | VoiceArchive | デジタルのみ | デジタルコンテンツ
2025-09-26T15:21:03+09:00,その他,miComet 新衣装記念2025,micomet_newoutfit_2025,https://shop.hololivepro.com/products/micomet_newoutfit_2025,miComet,,6,0,19800,Generation_ホロライブ0期生 | Group_ホロライブ | Recommended_MERCH | Talent_さくらみこ | Talent_星街すいせい | 受注生産商品
2025-09-28T00:20:01+09:00,ボイス,【再販】不知火フレア ボイスアーカイブ,shiranuiflare_voicearchive,https://shop.hololivepro.com/products/shiranuiflare_voicearchive,Shiranui Flare,,19,1000,2000,Generation_ホロライブ3期生 | Group_ホロライブ | Recommended_デジタルコンテンツ | Talent_不知火フレア | VoiceArchive | デジタルのみ | デジタルコンテンツ
2025-09-28T00:23:35+09:00,ボイス,【再販】兎田ぺこら ボイスアーカイブ,usadapekora_voicearchive,https://shop.hololivepro.com/products/usadapekora_voicearchive,Usada Pekora,,13,1000,3000,Generation_ホロライブ3期生 | Group_ホロライブ | Recommended_デジタルコンテンツ | Talent_兎田ぺこら | VoiceArchive | デジタルのみ | デジタルコンテンツ
2025-09-28T00:24:15+09:00,ボイス,【再販】白銀ノエル ボイスアーカイブ,shiroganenoel_voicearchive,https://shop.hololivepro.com/products/shiroganenoel_voicearchive,Shirogane Noel,,22,500,6000,Generation_ホロライブ3期生 | Group_ホロライブ | Recommended_デジタルコンテンツ | Talent_白銀ノエル | VoiceArchive | デジタルのみ | デジタルコンテンツ
2025-09-29T11:56:56+09:00,ボイス,【再販】大空スバル ボイスアーカイブ,oozorasubaru_voicearchive,https://shop.hololivepro.com/products/oozorasubaru_voicearchive,Oozora Subaru,,17,500,2000,Generation_ホロライブ2期生 | Group_ホロライブ | Recommended_デジタルコンテンツ | Talent_大空スバル | VoiceArchive | デジタルのみ | デジタルコンテンツ
2025-09-29T12:01:07+09:00,ボイス,【再販】猫又おかゆ ボイスアーカイブ,nekomataokayu_voicearchive,https://shop.hololivepro.com/products/nekomataokayu_voicearchive,Nekomata Okayu,,13,500,4000,Generation_ホロライブゲーマーズ | Group_ホロライブ | Recommended_デジタルコンテンツ | Talent_猫又おかゆ | VoiceArchive | デジタルのみ | デジタルコンテンツ
2025-09-29T12:02:38+09:00,ボイス,【再販】大神ミオ ボイスアーカイブ,ookamimio_voicearchive,https://shop.hololivepro.com/products/ookamimio_voicearchive,Ookami Mio,,21,500,3000,Generation_ホロライブゲーマーズ | Group_ホロライブ | Recommended_デジタルコンテンツ | Talent_大神ミオ | VoiceArchive | デジタルのみ | デジタルコンテンツ
2025-09-29T12:06:15+09:00,ボイス,【再販】戌神ころね ボイスアーカイブ,inugamikorone_voicearchive,https://shop.hololivepro.com/products/inugamikorone_voicearchive,Inugami Korone,,13,500,2000,Generation_ホロライブゲーマーズ | Group_ホロライブ | Recommended_デジタルコンテンツ | Talent_戌神ころね | VoiceArchive | デジタルのみ | デジタルコンテンツ
2025-09-29T12:49:08+09:00,その他,ホロライブEnglish「holoweEN: Candlelit」　,hololiveen_holoweencandlelit,https://shop.hololivepro.com/products/hololiveen_holoweencandlelit,hololive English,,25,495,4400,Generation_hololiveEnglish-Advent- | Generation_hololiveEnglish-Council- | Generation_hololiveEnglish-Justice- | Generation_hololiveEnglish-Myth- | Generation_hololiveEnglish-Promise- | Group_ホロライブEnglish | Recommended_MERCH | Talent_エリザベス・ローズ・ブラッドフレイム | Talent_シオリ・ノヴェラ | Talent_ネリッサ・レイヴンクロフト | Talent_ハコス・ベールズ | Talent_森カリオペ
2025-09-30T09:39:04+09:00,誕生日記念,戌神ころね 誕生日記念2025,inugamikorone_birthday_2025,https://shop.hololivepro.com/products/inugamikorone_birthday_2025,Inugami Korone,,7,0,21340,Generation_ホロライブゲーマーズ | Group_ホロライブ | Recommended_MERCH | Recommended_デジタルコンテンツ | Talent_戌神ころね | デジタルコンテンツ | 受注生産商品
2025-10-01T11:41:30+09:00,ボイス,ホロスターズ 『GANGSTARS』ボイスドラマ,holostars_agf2025_voice,https://shop.hololivepro.com/products/holostars_agf2025_voice,HOLOSTARS,,4,2200,6600,Generation_UPROAR‼︎ | Generation_ホロスターズ1期生 | Generation_ホロスターズ2期生 | Generation_ホロスターズ3期生 | Group_ホロスターズ | Recommended_デジタルコンテンツ | Talent_アステル・レダ | Talent_アルランディス | Talent_夕刻ロベル | Talent_夜十神封魔 | Talent_奏手イヅル | Talent_岸堂天真 | Talent_影山シエン | Talent_律可 | Talent_水無世燐央 | Talent_羽継烏有 | Talent_花咲みやび | Talent_荒咬オウガ | デジタルのみ | デジタルコンテンツ
2025-10-02T10:37:44+09:00,誕生日記念,白上フブキ 誕生日記念2025,shirakamifubuki_birthday_2025,https://shop.hololivepro.com/products/shirakamifubuki_birthday_2025,Shirakami Fubuki,,8,0,15730,Generation_ホロライブ1期生 | Generation_ホロライブゲーマーズ | Group_ホロライブ | Recommended_MERCH | Talent_白上フブキ | 受注生産商品
2025-10-03T10:15:12+09:00,周年/記念,ホロライブEnglish -Promise- 2周年記念,hololiveenpromise_anniversary_2nd,https://shop.hololivepro.com/products/hololiveenpromise_anniversary_2nd,hololive English,,11,440,7700,Generation_hololiveEnglish-Council- | Generation_hololiveEnglish-Promise- | Group_ホロライブEnglish | Recommended_MERCH | Talent_IRyS | Talent_オーロ・クロニー | Talent_ハコス・ベールズ | 受注生産商品
2025-10-03T12:37:50+09:00,ボイス,ホロライブ となりの席ボイス,hololive_theseatbesidemine,https://shop.hololivepro.com/products/hololive_theseatbesidemine,hololive production official shop,,41,700,16000,Generation_FLOWGLOW | Generation_hololiveEnglish-Advent- | Generation_hololiveEnglish-Council- | Generation_hololiveEnglish-Justice- | Generation_hololiveEnglish-Promise- | Generation_ReGLOSS | Generation_ホロライブ0期生 | Generation_ホロライブ1期生 | Generation_ホロライブ2期生 | Generation_ホロライブ3期生 | Generation_ホロライブ5期生 | Generation_ホロライブインドネシア1期生 | Generation_ホロライブインドネシア2期生 | Generation_ホロライブインドネシア3期生 | Generation_秘密結社holoX | Group_hololiveDEV_IS | Group_ホロライブ | Group_ホロライブEnglish | Group_ホロライブインドネシア | Recommended_デジタルコンテンツ | Talent_AZKi | Talent_アイラニ・イオフィフティーン | Talent_オーロ・クロニー | Talent_カエラ・コヴァルスキア | Talent_クレイジー・オリー | Talent_シオリ・ノヴェラ | Talent_ネリッサ・レイヴンクロフト | Talent_ハコス・ベールズ | Talent_パヴォリア・レイネ | Talent_ラオーラ・パンテーラ | Talent_ロボ子さん | Talent_一条莉々華 | Talent_博衣こより | Talent_夏色まつり | Talent_尾丸ポルカ | Talent_桃鈴ねね | Talent_水宮枢 | Talent_癒月ちょこ | Talent_白銀ノエル | Talent_百鬼あやめ | Talent_綺々羅々ヴィヴィ | Talent_赤井はあと | Talent_輪堂千速 | Talent_雪花ラミィ | Talent_響咲リオナ | デジタルのみ | デジタルコンテンツ
2025-10-06T13:21:17+09:00,LIVE/イベント物販,【先行発送】 ReGLOSS 1st Live “Flashpoint”ライブグッズ,hololiveregloss_1stlive_flashpoint_advancedshipping,https://shop.hololivepro.com/products/hololiveregloss_1stlive_flashpoint_advancedshipping,hololive DEV_IS,,11,0,10500,1stLive_Flashpoint | _ng_with_normal_group:ReGLOSS_Live1010 | Generation_ReGLOSS | Group_hololiveDEV_IS | Recommended_MERCH | Talent_一条莉々華 | Talent_儒烏風亭らでん | Talent_轟はじめ | Talent_音乃瀬奏
2025-10-06T13:42:33+09:00,LIVE/イベント物販,【受注販売】 ReGLOSS 1st Live “Flashpoint”ライブグッズ,hololiveregloss_1stlive_flashpoint_madetoorder,https://shop.hololivepro.com/products/hololiveregloss_1stlive_flashpoint_madetoorder,hololive DEV_IS,,7,1210,4400,1stLive_Flashpoint | Generation_ReGLOSS | Group_hololiveDEV_IS | Recommended_MERCH | Talent_一条莉々華 | Talent_儒烏風亭らでん | Talent_轟はじめ | Talent_音乃瀬奏 | 受注生産商品
2025-10-07T14:20:13+09:00,誕生日記念,姫森ルーナ 誕生日記念2025,himemoriluna_birthday_2025,https://shop.hololivepro.com/products/himemoriluna_birthday_2025,Himemori Luna,,9,0,22000,Generation_ホロライブ4期生 | Group_ホロライブ | Recommended_MERCH | Recommended_デジタルコンテンツ | Talent_姫森ルーナ | デジタルコンテンツ | 受注生産商品
2025-10-07T16:29:59+09:00,その他,-Art Selection- 不知火フレア,artselection_shiranuiflare,https://shop.hololivepro.com/products/artselection_shiranuiflare,Shiranui Flare,,3,550,5500,artselection | Generation_ホロライブ3期生 | Group_ホロライブ | Recommended_MERCH | Talent_不知火フレア
2025-10-07T16:47:05+09:00,その他,-Art Selection- 白銀ノエル,artselection_shiroganenoel,https://shop.hololivepro.com/products/artselection_shiroganenoel,Shirogane Noel,,3,550,5500,artselection | Generation_ホロライブ3期生 | Group_ホロライブ | Recommended_MERCH | Talent_白銀ノエル
2025-10-08T10:18:14+09:00,ボイス,ホロライブ 日常ささやき「キミに執着しちゃう」ボイス,hololive_asmr_superobsessed,https://shop.hololivepro.com/products/hololive_asmr_superobsessed,hololive production official shop,,17,1000,16000,Generation_FLOWGLOW | Generation_ReGLOSS | Generation_ホロライブ0期生 | Generation_ホロライブ1期生 | Generation_ホロライブ2期生 | Generation_ホロライブ3期生 | Generation_秘密結社holoX | Group_hololiveDEV_IS | Group_ホロライブ | Recommended_デジタルコンテンツ | Talent_AZKi | Talent_アキ・ローゼンタール | Talent_一条莉々華 | Talent_博衣こより | Talent_夏色まつり | Talent_宝鐘マリン | Talent_尾丸ポルカ | Talent_水宮枢 | Talent_癒月ちょこ | Talent_白銀ノエル | Talent_百鬼あやめ | Talent_綺々羅々ヴィヴィ | Talent_虎金妃笑虎 | Talent_輪堂千速 | Talent_雪花ラミィ | Talent_響咲リオナ | デジタルのみ | デジタルコンテンツ
2025-10-08T12:15:35+09:00,その他,角巻わため BIGぬいぐるみ,tsunomakiwatame_bigplushie,https://shop.hololivepro.com/products/tsunomakiwatame_bigplushie,Tsunomaki Watame,,1,16500,16500,Generation_ホロライブ4期生 | Group_ホロライブ | Recommended_MERCH | Talent_角巻わため | 受注生産商品
2025-10-08T17:21:42+09:00,誕生日記念,クレイジー・オリー 誕生日記念2025,kureijiollie_birthday_2025,https://shop.hololivepro.com/products/kureijiollie_birthday_2025,Kureiji Ollie,,9,0,17050,Generation_ホロライブインドネシア2期生 | Group_ホロライブインドネシア | Recommended_MERCH | Recommended_デジタルコンテンツ | Talent_クレイジー・オリー | デジタルコンテンツ | 受注生産商品
2025-10-10T14:31:25+09:00,ボイス,hololive 3rd Generation『よくばり電脳ガール』リリース記念ボイス,hololivegen3_releasecommemorative_yokubaridennogirl,https://shop.hololivepro.com/products/hololivegen3_releasecommemorative_yokubaridennogirl,hololive production official shop,,3,1000,2000,Generation_ホロライブ3期生 | Group_ホロライブ | hololivefantasy_voiceseries | Recommended_デジタルコンテンツ | Talent_不知火フレア | Talent_兎田ぺこら | Talent_宝鐘マリン | Talent_白銀ノエル | デジタルのみ | デジタルコンテンツ
2025-10-14T10:56:47+09:00,ボイス,AZKi「癒しの高原キャンプ」ASMRボイス,azki_asmr_campsiterespite,https://shop.hololivepro.com/products/azki_asmr_campsiterespite,AZKi,,4,1000,5000,Generation_ホロライブ0期生 | Group_ホロライブ | Recommended_デジタルコンテンツ | Talent_AZKi | デジタルのみ | デジタルコンテンツ
2025-10-14T16:21:36+09:00,その他,魔法少女ホロウィッチ！ 3D衣装グッズ,hololive_magicalgirlholowitches_3doutfitmerch,https://shop.hololivepro.com/products/hololive_magicalgirlholowitches_3doutfitmerch,hololive production official shop,,13,1100,3850,Generation_ホロライブ0期生 | Generation_ホロライブ1期生 | Generation_ホロライブ3期生 | Generation_ホロライブ4期生 | Generation_ホロライブ5期生 | Generation_ホロライブゲーマーズ | Group_ホロライブ | holowitches | HW2025 | Recommended_MERCH | Talent_さくらみこ | Talent_天音かなた | Talent_姫森ルーナ | Talent_宝鐘マリン | Talent_白上フブキ | Talent_雪花ラミィ
2025-10-15T10:17:25+09:00,誕生日記念,ジジ・ムリン 誕生日記念2025,gigimurin_birthday_2025,https://shop.hololivepro.com/products/gigimurin_birthday_2025,Gigi Murin,,9,0,12980,Generation_hololiveEnglish-Justice- | Group_ホロライブEnglish | Recommended_MERCH | Recommended_デジタルコンテンツ | Talent_ジジ・ムリン | デジタルコンテンツ | 受注生産商品
2025-10-15T16:35:38+09:00,周年/記念,律可 活動6周年記念,rikka_anniversary_6th,https://shop.hololivepro.com/products/rikka_anniversary_6th,Rikka,,8,0,10945,Generation_ホロスターズ1期生 | Group_ホロスターズ | Recommended_MERCH | Recommended_デジタルコンテンツ | Talent_律可 | デジタルコンテンツ | 受注生産商品
2025-10-16T09:23:28+09:00,その他,hololive 3rd Generation 1st EP『＃きゅるるん大作戦 〜最強アイドル、推すしかないでしょ〜』,hololive3rdgen_1step_operationheartfulcuties,https://shop.hololivepro.com/products/hololive3rdgen_1step_operationheartfulcuties,hololive production official shop,,2,0,6600,Generation_ホロライブ3期生 | Group_ホロライブ | Recommended_MERCH | Talent_不知火フレア | Talent_兎田ぺこら | Talent_宝鐘マリン | Talent_白銀ノエル
2025-10-16T13:39:02+09:00,LIVE/イベント物販,【先行発送】hololive 3rd Generation Live ＃きゅるるん大作戦 〜最強アイドル、推すしかないでしょ〜　ライブグッズ,hololive3rdgen_live_operationheartfulcuties_advancedshipping,https://shop.hololivepro.com/products/hololive3rdgen_live_operationheartfulcuties_advancedshipping,hololive production official shop,,19,0,12000,_ng_with_normal_group:holo3rdGen_Live1019 | Generation_ホロライブ3期生 | Group_ホロライブ | live_operationheartfulcuties | Recommended_MERCH | Talent_不知火フレア | Talent_兎田ぺこら | Talent_宝鐘マリン | Talent_白銀ノエル
2025-10-16T14:04:17+09:00,LIVE/イベント物販,【受注販売】hololive 3rd Generation Live ＃きゅるるん大作戦 〜最強アイドル、推すしかないでしょ〜　ライブグッズ,hololive3rdgen_live_operationheartfulcuties_madetoorder,https://shop.hololivepro.com/products/hololive3rdgen_live_operationheartfulcuties_madetoorder,hololive production official shop,,9,1760,8800,Generation_ホロライブ3期生 | Group_ホロライブ | live_operationheartfulcuties | Recommended_MERCH | Talent_不知火フレア | Talent_兎田ぺこら | Talent_宝鐘マリン | Talent_白銀ノエル | 受注生産商品
2025-10-17T09:17:37+09:00,その他,ラオーラ・パンテーラ Chattiniの日2025,raorapanthera_chattiniday2025,https://shop.hololivepro.com/products/raorapanthera_chattiniday2025,Raora Panthera,,9,0,16500,Generation_hololiveEnglish-Justice- | Group_ホロライブEnglish | Recommended_MERCH | Recommended_デジタルコンテンツ | Talent_ラオーラ・パンテーラ | デジタルコンテンツ | 受注生産商品
2025-10-17T10:53:39+09:00,LIVE/イベント物販,"ReGLOSS 1st Live ""Flashpoint"" デジタルメッセージボード",hololiveregloss_1stlive_flashpoint_digitalmessageboard,https://shop.hololivepro.com/products/hololiveregloss_1stlive_flashpoint_digitalmessageboard,hololive DEV_IS,,8,3000,6000,_ng_with_normal_group:ReGLOSS1stLive_DMB | DigitalContents | Generation_ReGLOSS | Group_hololiveDEV_IS | Recommended_デジタルコンテンツ | Talent_一条莉々華 | Talent_儒烏風亭らでん | Talent_轟はじめ | Talent_音乃瀬奏 | デジタルのみ | デジタルコンテンツ
2025-10-17T16:39:47+09:00,LIVE/イベント物販,"【2次受注】 Tokoyami Towa 2nd Live ""SHINier""ライブグッズ",tokoyamitowa_2ndlive_shinier_secondaryorder,https://shop.hololivepro.com/products/tokoyamitowa_2ndlive_shinier_secondaryorder,Tokoyami Towa,,12,0,12500,Generation_ホロライブ4期生 | Group_ホロライブ | Recommended_MERCH | Talent_常闇トワ | TokoyamiTowa_shinier | 受注生産商品
2025-10-20T14:58:34+09:00,その他,ねんどろいど 星街すいせい セーラー衣装Ver.,hoshimachisuisei_nendoroid_sailoroutfit,https://shop.hololivepro.com/products/hoshimachisuisei_nendoroid_sailoroutfit,Hoshimachi Suisei,,1,7500,7500,Generation_ホロライブ0期生 | Group_ホロライブ | Recommended_MERCH | Talent_星街すいせい | 受注生産商品
2025-10-21T13:12:10+09:00,LIVE/イベント物販,"【再販売】Hoshimachi Suisei Live Tour 2024 ""Spectra of Nova"" ライブグッズ",hoshimachisuisei_livetour2024_spectraofnova_resale,https://shop.hololivepro.com/products/hoshimachisuisei_livetour2024_spectraofnova_resale,Hoshimachi Suisei,,9,1000,4000,Generation_ホロライブ0期生 | Group_ホロライブ | Recommended_MERCH | Talent_星街すいせい
2025-10-21T14:13:34+09:00,LIVE/イベント物販,"Hoshimachi Suisei Live Tour 2024 ""Spectra of Nova"" & Hoshimachi Suisei 日本武道館 Live “SuperNova” Blu-ray",hoshimachisuisei_livetour2024andnipponbudokanlive_bluray,https://shop.hololivepro.com/products/hoshimachisuisei_livetour2024andnipponbudokanlive_bluray,Hoshimachi Suisei,,4,0,23100,Generation_ホロライブ0期生 | Group_ホロライブ | Recommended_MERCH | Talent_星街すいせい | 受注生産商品
2025-10-22T11:50:51+09:00,周年/記念,ハコス・ベールズ 活動4周年記念,hakosbaelz_anniversary_4th,https://shop.hololivepro.com/products/hakosbaelz_anniversary_4th,Hakos Baelz,,9,0,19910,Generation_hololiveEnglish-Council- | Generation_hololiveEnglish-Promise- | Group_ホロライブEnglish | Recommended_MERCH | Talent_ハコス・ベールズ | 受注生産商品
2025-10-23T09:21:43+09:00,LIVE/イベント物販,オクタビオ 88k Milestone Concert 記念グッズ,octavio_88kmilestoneconcertcelebration,https://shop.hololivepro.com/products/octavio_88kmilestoneconcertcelebration,Octavio,,7,0,13750,Generation_ARMIS | Group_ホロスターズEnglish | Recommended_MERCH | Recommended_デジタルコンテンツ | Talent_オクタビオ | デジタルコンテンツ | 受注生産商品
2025-10-23T11:05:44+09:00,その他,魔法少女ホロウィッチ！ THE STAGE 〜TRICK or MAGIC！～,hololive_magicalgirlholowitches_thestagetrickormagic,https://shop.hololivepro.com/products/hololive_magicalgirlholowitches_thestagetrickormagic,hololive production official shop,,2,3300,6600,Generation_ホロライブ0期生 | Generation_ホロライブ1期生 | Generation_ホロライブ3期生 | Generation_ホロライブ4期生 | Generation_ホロライブ5期生 | Generation_ホロライブゲーマーズ | Group_ホロライブ | holowitches | HW2025 | Recommended_MERCH | Talent_さくらみこ | Talent_天音かなた | Talent_姫森ルーナ | Talent_宝鐘マリン | Talent_白上フブキ | Talent_雪花ラミィ | 受注生産商品
2025-10-23T16:04:02+09:00,LIVE/イベント物販,白上フブキ1stソロライブ FBKINGDOM “ANTHEM” Blu-ray,shirakamifubuki_1stsololive_fbkingdomanthem_bluray,https://shop.hololivepro.com/products/shirakamifubuki_1stsololive_fbkingdomanthem_bluray,Shirakami Fubuki,,1,9900,9900,Generation_ホロライブ1期生 | Generation_ホロライブゲーマーズ | Group_ホロライブ | Recommended_MERCH | Talent_白上フブキ | 受注生産商品
2025-10-24T15:20:46+09:00,その他,おかゆにゅ～～む！R完全生産限定版hololive Official Edition,nekomataokayu_okayunyumur_productionlimited_hololiveofficialedition,https://shop.hololivepro.com/products/nekomataokayu_okayunyumur_productionlimited_hololiveofficialedition,Nekomata Okayu,,2,14300,14300,_ng_with_normal_group:NekomataOkayu_OkayunyumuR | Generation_ホロライブゲーマーズ | Group_ホロライブ | Recommended_MERCH | Talent_猫又おかゆ | 受注生産商品 | 日本以外配送禁止
2025-10-27T15:30:58+09:00,その他,夏色まつり 1st Album『Chasing the Dream 〜スポットライトは放課後に〜』完全生産限定盤,natsuiromatsuri_1stalbum_chasingthedream_afterschoolspotlight_limited,https://shop.hololivepro.com/products/natsuiromatsuri_1stalbum_chasingthedream_afterschoolspotlight_limited,Natsuiro Matsuri,,2,0,7150,1st_chasingthedream | _ng_with_normal_group:NatsuiroMatsuri_AL1101 | CD | Generation_ホロライブ1期生 | Group_ホロライブ | Recommended_MERCH | Talent_夏色まつり
2025-10-27T16:02:41+09:00,その他,夏色まつり 1st Album『Chasing the Dream 〜スポットライトは放課後に〜』通常盤,natsuiromatsuri_1stalbum_chasingthedream_afterschoolspotlight_regular,https://shop.hololivepro.com/products/natsuiromatsuri_1stalbum_chasingthedream_afterschoolspotlight_regular,Natsuiro Matsuri,,1,3850,3850,1st_chasingthedream | _ng_with_normal_group:NatsuiroMatsuri_AL1101 | CD | Generation_ホロライブ1期生 | Group_ホロライブ | Recommended_MERCH | Talent_夏色まつり
2025-10-27T17:31:11+09:00,その他,ホロmini ボーカルシリーズ FLOW GLOW,holomini_vocal_flowglow,https://shop.hololivepro.com/products/holomini_vocal_flowglow,hololive FLOW GLOW,,16,550,2970,Generation_FLOWGLOW | Group_hololiveDEV_IS | holomini_vocal | Recommended_MERCH | Talent_水宮枢 | Talent_綺々羅々ヴィヴィ | Talent_虎金妃笑虎 | Talent_輪堂千速 | Talent_響咲リオナ
2025-10-28T09:48:54+09:00,その他,ホロ活 for Business,hololive_holokatsu_forbusiness,https://shop.hololivepro.com/products/hololive_holokatsu_forbusiness,hololive production official shop,,24,0,18370,Generation_ReGLOSS | Generation_ホロライブ3期生 | Generation_秘密結社holoX | Group_hololiveDEV_IS | Group_ホロライブ | holokatsu | Recommended_MERCH | Talent_ラプラス・ダークネス | Talent_儒烏風亭らでん | Talent_博衣こより | Talent_宝鐘マリン | 受注生産商品
2025-10-28T11:31:42+09:00,ボイス,ホロライブ ゲームボイス,hololive_gamingvoice,https://shop.hololivepro.com/products/hololive_gamingvoice,hololive production official shop,,73,500,22500,Generation_FLOWGLOW | Generation_hololiveEnglish-Advent- | Generation_hololiveEnglish-Council- | Generation_hololiveEnglish-Justice- | Generation_hololiveEnglish-Promise- | Generation_ReGLOSS | Generation_ホロライブ0期生 | Generation_ホロライブ3期生 | Generation_ホロライブ4期生 | Generation_ホロライブ5期生 | Generation_ホロライブインドネシア1期生 | Generation_ホロライブインドネシア2期生 | Generation_ホロライブインドネシア3期生 | Generation_秘密結社holoX | Group_hololiveDEV_IS | Group_ホロライブ | Group_ホロライブEnglish | Group_ホロライブインドネシア | Recommended_デジタルコンテンツ | Talent_AZKi | Talent_ときのそら | Talent_アイラニ・イオフィフティーン | Talent_アユンダ・リス | Talent_エリザベス・ローズ・ブラッドフレイム | Talent_オーロ・クロニー | Talent_カエラ・コヴァルスキア | Talent_クレイジー・オリー | Talent_ジジ・ムリン | Talent_ハコス・ベールズ | Talent_パヴォリア・レイネ | Talent_フワワ・アビスガード | Talent_ベスティア・ゼータ | Talent_ムーナ・ホシノヴァ | Talent_モココ・アビスガード | Talent_ラオーラ・パンテーラ | Talent_ロボ子さん | Talent_一条莉々華 | Talent_不知火フレア | Talent_儒烏風亭らでん | Talent_博衣こより | Talent_古石ビジュー | Talent_天音かなた | Talent_尾丸ポルカ | Talent_桃鈴ねね | Talent_水宮枢 | Talent_獅白ぼたん | Talent_白銀ノエル | Talent_百鬼あやめ | Talent_綺々羅々ヴィヴィ | Talent_輪堂千速 | Talent_雪花ラミィ | Talent_響咲リオナ | デジタルのみ | デジタルコンテンツ
2025-10-28T16:57:42+09:00,誕生日記念,夏色まつり 誕生日記念2025,natsuiromatsuri_birthday_2025,https://shop.hololivepro.com/products/natsuiromatsuri_birthday_2025,Natsuiro Matsuri,,8,0,16610,Generation_ホロライブ1期生 | Group_ホロライブ | Recommended_MERCH | Recommended_デジタルコンテンツ | Talent_夏色まつり | デジタルコンテンツ | 受注生産商品
2025-10-29T09:48:19+09:00,周年/記念,猫又おかゆ 活動6周年記念,nekomataokayu_anniversary_6th,https://shop.hololivepro.com/products/nekomataokayu_anniversary_6th,Nekomata Okayu,,7,0,18040,Generation_ホロライブゲーマーズ | Group_ホロライブ | Recommended_MERCH | Recommended_デジタルコンテンツ | Talent_猫又おかゆ | デジタルコンテンツ | 受注生産商品
2025-10-29T10:46:19+09:00,誕生日記念,アクセル・シリオス 誕生日記念2025,axelsyrios_birthday_2025,https://shop.hololivepro.com/products/axelsyrios_birthday_2025,Axel Syrios,,7,0,15400,Generation_TEMPUS | Group_ホロスターズEnglish | Recommended_MERCH | Recommended_デジタルコンテンツ | Talent_アクセル・シリオス | デジタルコンテンツ | 受注生産商品
2025-10-29T12:09:49+09:00,その他,儒烏風亭らでん 美術館へ行こう！グッズ,juufuuteiraden_letsgotothemuseum,https://shop.hololivepro.com/products/juufuuteiraden_letsgotothemuseum,Juufuutei Raden,,6,0,13750,Generation_ReGLOSS | Group_hololiveDEV_IS | Recommended_MERCH | Talent_儒烏風亭らでん | 受注生産商品
2025-10-31T09:35:14+09:00,シリーズ/アパレル,hololive Connect CARRIZZMA,hololive_hololiveconnect_carrizzma,https://shop.hololivepro.com/products/hololive_hololiveconnect_carrizzma,hololive production official shop,,10,1320,22000,Generation_ホロライブ0期生 | Generation_ホロライブ2期生 | Group_ホロライブ | hololiveconnect | Recommended_MERCH | Talent_星街すいせい | Talent_百鬼あやめ
2025-10-31T15:59:18+09:00,カード/書籍,hololive OFFICIAL CARD GAME オフィシャルホロカスリーブ vol.22〜vol.25,hololiveofficialcardgame_cardsleeve_vol22-25,https://shop.hololivepro.com/products/hololiveofficialcardgame_cardsleeve_vol22-25,hololive production official shop,,4,990,990,_ng_with_normal_group:hcg2409 | hololiveofficialcardgame | Recommended_MERCH
2025-10-31T16:34:49+09:00,カード/書籍,hololive OFFICIAL CARD GAME スタートデッキ FLOW GLOW 推し 輪堂千速,hololiveofficialcardgame_hsd10,https://shop.hololivepro.com/products/hololiveofficialcardgame_hsd10,hololive production official shop,,1,1980,1980,_ng_with_normal_group:hcg2409 | addons:shipment:ignore_order | hololiveofficialcardgame | Recommended_MERCH
2025-10-31T16:47:54+09:00,カード/書籍,hololive OFFICIAL CARD GAME スタートデッキ FLOW GLOW 推し 虎金妃笑虎,hololiveofficialcardgame_hsd11,https://shop.hololivepro.com/products/hololiveofficialcardgame_hsd11,hololive production official shop,,1,1980,1980,_ng_with_normal_group:hcg2409 | addons:shipment:ignore_order | hololiveofficialcardgame | Recommended_MERCH
2025-11-04T11:08:46+09:00,誕生日記念,ベスティア・ゼータ 誕生日記念2025,vestiazeta_birthday_2025,https://shop.hololivepro.com/products/vestiazeta_birthday_2025,Vestia Zeta,,9,0,21890,Generation_ホロライブインドネシア3期生 | Group_ホロライブインドネシア | Recommended_MERCH | Recommended_デジタルコンテンツ | Talent_ベスティア・ゼータ | デジタルコンテンツ | 受注生産商品
2025-11-05T10:40:10+09:00,カード/書籍,FLOW GLOW 1st Album『FLOW GLOW』通常盤 TYPE-A(初回限定ホロカPRカード付き),hololivedevisflowglow_1stalbum_flowglow_regular,https://shop.hololivepro.com/products/hololivedevisflowglow_1stalbum_flowglow_regular,hololive FLOW GLOW,,1,3300,3300,1st_flowglow | _group:FLOWGLOW_AL1109 | CD | Generation_FLOWGLOW | Group_hololiveDEV_IS | Recommended_MERCH | Talent_水宮枢 | Talent_綺々羅々ヴィヴィ | Talent_虎金妃笑虎 | Talent_輪堂千速 | Talent_響咲リオナ
2025-11-05T11:16:29+09:00,その他,FLOW GLOW 1st Album『FLOW GLOW』EC数量限定盤,hololivedevisflowglow_1stalbum_flowglow_limited,https://shop.hololivepro.com/products/hololivedevisflowglow_1stalbum_flowglow_limited,hololive FLOW GLOW,,1,3850,3850,1st_flowglow | _ng_with_normal_group:FLOWGLOW_AL1109 | CD | Generation_FLOWGLOW | Group_hololiveDEV_IS | Recommended_MERCH | Talent_水宮枢 | Talent_綺々羅々ヴィヴィ | Talent_虎金妃笑虎 | Talent_輪堂千速 | Talent_響咲リオナ
2025-11-05T12:27:19+09:00,周年/記念,FLOW GLOW 1周年記念,hololivedevisflowglow_anniversary_1st,https://shop.hololivepro.com/products/hololivedevisflowglow_anniversary_1st,hololive FLOW GLOW,,12,660,3300,Generation_FLOWGLOW | Group_hololiveDEV_IS | Recommended_MERCH | Talent_水宮枢 | Talent_綺々羅々ヴィヴィ | Talent_虎金妃笑虎 | Talent_輪堂千速 | Talent_響咲リオナ
2025-11-05T14:26:11+09:00,シリーズ/アパレル,ReGLOSS's PLAYLIST Snapshot,hololivedevisregloss_reglosssplaylist_snapshot,https://shop.hololivepro.com/products/hololivedevisregloss_reglosssplaylist_snapshot,ReGLOSS,,12,550,8800,Generation_ReGLOSS | Group_hololiveDEV_IS | Recommended_MERCH | reglosssplaylist | Talent_一条莉々華 | Talent_儒烏風亭らでん | Talent_轟はじめ | Talent_音乃瀬奏
2025-11-05T16:58:53+09:00,その他,PLAMATEA 白銀ノエル,shiroganenoel_plamatea,https://shop.hololivepro.com/products/shiroganenoel_plamatea,Shirogane Noel,,1,9800,9800,Generation_ホロライブ3期生 | Group_ホロライブ | Recommended_MERCH | Talent_白銀ノエル | 受注生産商品
2025-11-06T10:34:47+09:00,誕生日記念,アルランディス 誕生日記念2025,arurandeisu_birthday_2025,https://shop.hololivepro.com/products/arurandeisu_birthday_2025,Arurandeisu,,7,0,10010,Generation_ホロスターズ1期生 | Group_ホロスターズ | Recommended_MERCH | Talent_アルランディス | 受注生産商品
2025-11-07T15:20:53+09:00,その他,ホロスターズ AGF2025 GANGSTARS,holostars_agf2025,https://shop.hololivepro.com/products/holostars_agf2025,HOLOSTARS,,33,0,11000,_codegen | Generation_UPROAR‼︎ | Generation_ホロスターズ1期生 | Generation_ホロスターズ2期生 | Generation_ホロスターズ3期生 | Group_ホロスターズ | Recommended_MERCH | Talent_アステル・レダ | Talent_アルランディス | Talent_夕刻ロベル | Talent_夜十神封魔 | Talent_奏手イヅル | Talent_岸堂天真 | Talent_影山シエン | Talent_律可 | Talent_水無世燐央 | Talent_羽継烏有 | Talent_花咲みやび | Talent_荒咬オウガ
2025-11-07T17:08:19+09:00,周年/記念,AZKi 活動7周年記念,azki_anniversary_7th,https://shop.hololivepro.com/products/azki_anniversary_7th,AZKi,,8,0,22000,Generation_ホロライブ0期生 | Group_ホロライブ | Recommended_MERCH | Recommended_デジタルコンテンツ | Talent_AZKi | デジタルコンテンツ | 受注生産商品
2025-11-10T10:43:19+09:00,その他,hololive 3rd Generation Live #きゅるるん大作戦 〜最強アイドル、推すしかないでしょ〜 デジタルメッセージボード,hololive3rdgen_live_operationheartfulcuties_digitalmessageboard,https://shop.hololivepro.com/products/hololive3rdgen_live_operationheartfulcuties_digitalmessageboard,hololive production official shop,,8,3000,6000,_ng_with_normal_group:hololive3rdLive_DMB | DigitalContents | Generation_ホロライブ3期生 | Group_ホロライブ | Recommended_デジタルコンテンツ | Talent_不知火フレア | Talent_兎田ぺこら | Talent_宝鐘マリン | Talent_白銀ノエル | デジタルコンテンツ
2025-11-10T11:39:14+09:00,誕生日記念,雪花ラミィ 誕生日記念2025,yukihanalamy_birthday_2025,https://shop.hololivepro.com/products/yukihanalamy_birthday_2025,Yukihana Lamy,,6,0,19800,Generation_ホロライブ5期生 | Group_ホロライブ | Recommended_MERCH | Talent_雪花ラミィ | 受注生産商品
2025-11-10T12:29:53+09:00,ボイス,ホロライブEnglish -Advent- ホラーボイス「雪降る静寂の時」,hololiveenadvent_horrorvoicedrama_whensnowfallssilent,https://shop.hololivepro.com/products/hololiveenadvent_horrorvoicedrama_whensnowfallssilent,hololive English,,5,500,6500,Generation_hololiveEnglish-Advent- | Group_ホロライブEnglish | Recommended_デジタルコンテンツ | Talent_シオリ・ノヴェラ | Talent_ネリッサ・レイヴンクロフト | Talent_フワワ・アビスガード | Talent_モココ・アビスガード | Talent_古石ビジュー | デジタルのみ | デジタルコンテンツ
2025-11-10T16:13:15+09:00,LIVE/イベント物販,【先行発送】Hoshimachi Suisei Live “SuperNova: REBOOT” ライブグッズ,hoshimachisuisei_live_supernovareboot_advancedshipping,https://shop.hololivepro.com/products/hoshimachisuisei_live_supernovareboot_advancedshipping,Hoshimachi Suisei,,10,0,12500,_ng_with_normal_group:HoshimachiSuisei_Live1114 | Generation_ホロライブ0期生 | Group_ホロライブ | live_supernovareboot | Recommended_MERCH | Talent_星街すいせい
2025-11-10T16:36:57+09:00,LIVE/イベント物販,【受注販売】Hoshimachi Suisei Live “SuperNova: REBOOT” ライブグッズ,hoshimachisuisei_live_supernovareboot_madetoorder,https://shop.hololivepro.com/products/hoshimachisuisei_live_supernovareboot_madetoorder,Hoshimachi Suisei,,6,880,3960,Generation_ホロライブ0期生 | Group_ホロライブ | live_supernovareboot | Recommended_MERCH | Talent_星街すいせい | 受注生産商品
2025-11-11T17:23:12+09:00,その他,星街すいせい Single 『月に向かって撃て』,hoshimachisuisei_single_moonshot,https://shop.hololivepro.com/products/hoshimachisuisei_single_moonshot,Hoshimachi Suisei,,6,0,7000,_ng_with_normal_group:HoshimachiSuisei_Single1114 | CD | Generation_ホロライブ0期生 | Group_ホロライブ | Recommended_MERCH | Talent_星街すいせい
2025-11-12T11:23:30+09:00,ボイス,hololive 3rd Generation『きゅる☆ちあ』リリース記念ボイス,hololive3rdgen_releasecommemorative_kyurucheer,https://shop.hololivepro.com/products/hololive3rdgen_releasecommemorative_kyurucheer,hololive production official shop,,3,1000,2000,Generation_ホロライブ3期生 | Group_ホロライブ | hololivefantasy_voiceseries | Recommended_デジタルコンテンツ | Talent_不知火フレア | Talent_兎田ぺこら | Talent_宝鐘マリン | Talent_白銀ノエル | デジタルのみ | デジタルコンテンツ
2025-11-12T12:38:25+09:00,誕生日記念,ネリッサ・レイヴンクロフト 誕生日記念2025,nerissaravencroft_birthday_2025,https://shop.hololivepro.com/products/nerissaravencroft_birthday_2025,Nerissa Ravencroft,,9,0,19470,Generation_hololiveEnglish-Advent- | Group_ホロライブEnglish | Recommended_MERCH | Talent_ネリッサ・レイヴンクロフト | 受注生産商品
2025-11-12T17:00:39+09:00,誕生日記念,セシリア・イマーグリーン 誕生日記念2025,ceciliaimmergreen_birthday_2025,https://shop.hololivepro.com/products/ceciliaimmergreen_birthday_2025,Cecilia Immergreen,,9,0,19250,Generation_hololiveEnglish-Justice- | Group_ホロライブEnglish | Recommended_MERCH | Talent_セシリア・イマーグリーン | 受注生産商品
2025-11-13T12:59:21+09:00,周年/記念,ゴールドブレット 活動2周年記念,goldbullet_anniversary_2nd,https://shop.hololivepro.com/products/goldbullet_anniversary_2nd,Goldbullet,,6,0,13530,Generation_ARMIS | Group_ホロスターズEnglish | Recommended_MERCH | Recommended_デジタルコンテンツ | Talent_ゴールドブレット | デジタルコンテンツ | 受注生産商品
2025-11-14T10:49:10+09:00,ボイス,ホロライブ 日常ささやき「わんにゃん」ボイス,hololive_catsanddogs,https://shop.hololivepro.com/products/hololive_catsanddogs,hololive production official shop,,17,1000,16000,Generation_FLOWGLOW | Generation_ReGLOSS | Generation_ホロライブ0期生 | Generation_ホロライブ1期生 | Generation_ホロライブ2期生 | Generation_ホロライブ3期生 | Generation_ホロライブ5期生 | Generation_秘密結社holoX | Group_hololiveDEV_IS | Group_ホロライブ | Recommended_デジタルコンテンツ | Talent_AZKi | Talent_ときのそら | Talent_アキ・ローゼンタール | Talent_一条莉々華 | Talent_博衣こより | Talent_宝鐘マリン | Talent_尾丸ポルカ | Talent_水宮枢 | Talent_癒月ちょこ | Talent_白銀ノエル | Talent_綺々羅々ヴィヴィ | Talent_虎金妃笑虎 | Talent_赤井はあと | Talent_輪堂千速 | Talent_雪花ラミィ | Talent_響咲リオナ | デジタルのみ | デジタルコンテンツ
2025-11-14T11:28:16+09:00,hololive friends,hololive friends with u 響咲リオナ,isakiriona_hololivefriendswithu,https://shop.hololivepro.com/products/isakiriona_hololivefriendswithu,Isaki Riona,,1,3740,3740,Generation_FLOWGLOW | Group_hololiveDEV_IS | hololivefriends | hololivefriends_FLOWGLOW | Recommended_MERCH | Recommended_定番商品 | Talent_響咲リオナ
2025-11-14T11:29:27+09:00,hololive friends,hololive friends with u 虎金妃笑虎,koganeiniko_hololivefriendswithu,https://shop.hololivepro.com/products/koganeiniko_hololivefriendswithu,Koganei Niko,,1,3740,3740,Generation_FLOWGLOW | Group_hololiveDEV_IS | hololivefriends | hololivefriends_FLOWGLOW | Recommended_MERCH | Recommended_定番商品 | Talent_虎金妃笑虎
2025-11-14T11:30:13+09:00,hololive friends,hololive friends with u 水宮枢,mizumiyasu_hololivefriendswithu,https://shop.hololivepro.com/products/mizumiyasu_hololivefriendswithu,Mizumiya Su,,1,3740,3740,Generation_FLOWGLOW | Group_hololiveDEV_IS | hololivefriends | hololivefriends_FLOWGLOW | Recommended_MERCH | Recommended_定番商品 | Talent_水宮枢
2025-11-14T11:31:03+09:00,hololive friends,hololive friends with u 輪堂千速,rindochihaya_hololivefriendswithu,https://shop.hololivepro.com/products/rindochihaya_hololivefriendswithu,Rindo Chihaya,,1,3740,3740,Generation_FLOWGLOW | Group_hololiveDEV_IS | hololivefriends | hololivefriends_FLOWGLOW | Recommended_MERCH | Recommended_定番商品 | Talent_輪堂千速
2025-11-14T11:31:40+09:00,hololive friends,hololive friends with u 綺々羅々ヴィヴィ,kikiraravivi_hololivefriendswithu,https://shop.hololivepro.com/products/kikiraravivi_hololivefriendswithu,Kikirara Vivi,,1,3740,3740,Generation_FLOWGLOW | Group_hololiveDEV_IS | hololivefriends | hololivefriends_FLOWGLOW | Recommended_MERCH | Recommended_定番商品 | Talent_綺々羅々ヴィヴィ
2025-11-14T14:11:08+09:00,周年/記念,ホロスターズEnglish -ARMIS- 2周年記念,holostarsenarmis_anniversary_2nd,https://shop.hololivepro.com/products/holostarsenarmis_anniversary_2nd,HOLOSTARS English,,5,1870,2750,Generation_ARMIS | Group_ホロスターズEnglish | Recommended_MERCH | Talent_オクタビオ | Talent_クリムゾン・ルーズ | Talent_ゴールドブレット | Talent_ジュラルド・ティー・レクスフォード | 受注生産商品
2025-11-17T10:22:45+09:00,LIVE/イベント物販,"【2次受注】AZKi SOLO LiVE 2025 ""Departure""ライブグッズ",azki_sololive2025_departure_secondaryorder,https://shop.hololivepro.com/products/azki_sololive2025_departure_secondaryorder,AZKi,,14,500,13200,Generation_ホロライブ0期生 | Group_ホロライブ | Recommended_MERCH | Talent_AZKi | 受注生産商品
2025-11-17T11:15:42+09:00,周年/記念,ジュラルド・ティー・レクスフォード 活動2周年記念,jurardtrexford_anniversary_2nd,https://shop.hololivepro.com/products/jurardtrexford_anniversary_2nd,Jurard T Rexford,,6,0,8360,Generation_ARMIS | Group_ホロスターズEnglish | Recommended_MERCH | Talent_ジュラルド・ティー・レクスフォード | 受注生産商品
2025-11-17T13:28:12+09:00,周年/記念,"hololive Indonesia 5th Anniversary LIVE, “Chromatic Future”",hololiveid_5thanniversarylive_chromaticfuture,https://shop.hololivepro.com/products/hololiveid_5thanniversarylive_chromaticfuture,hololive Indonesia,,22,660,4400,Generation_ホロライブインドネシア1期生 | Generation_ホロライブインドネシア2期生 | Generation_ホロライブインドネシア3期生 | Group_ホロライブインドネシア | Recommended_MERCH | Talent_こぼ・かなえる | Talent_アイラニ・イオフィフティーン | Talent_アユンダ・リス | Talent_アーニャ・メルフィッサ | Talent_カエラ・コヴァルスキア | Talent_クレイジー・オリー | Talent_パヴォリア・レイネ | Talent_ベスティア・ゼータ | Talent_ムーナ・ホシノヴァ
2025-11-19T10:03:32+09:00,その他,小鳥遊キアラ 2nd Album『Vogelfrei』,takanashikiara_2ndalbum_vogelfrei,https://shop.hololivepro.com/products/takanashikiara_2ndalbum_vogelfrei,TakoTori,,1,3850,3850,_ng_with_normal_group:TakanashiKiara_2ndAL1124 | CD | Generation_hololiveEnglish-Myth- | Group_ホロライブEnglish | Recommended_MERCH | Talent_小鳥遊キアラ
2025-11-19T10:53:42+09:00,その他,一伊那尓栖 1st EP『re:VISION』,ninomaeinanis_1step_revision,https://shop.hololivepro.com/products/ninomaeinanis_1step_revision,TakoTori,,1,2750,2750,_ng_with_normal_group:NinomaeInanis_1stEP1124 | CD | Generation_hololiveEnglish-Myth- | Group_ホロライブEnglish | Recommended_MERCH | Talent_一伊那尓栖
2025-11-19T11:06:05+09:00,ボイス,ホロスターズ『White Night Stories』クリスマスボイス,holostars_datenightatthechristmasmarket,https://shop.hololivepro.com/products/holostars_datenightatthechristmasmarket,HOLOSTARS,,4,2500,7500,Generation_ホロスターズ1期生 | Generation_ホロスターズ2期生 | Generation_ホロスターズ3期生 | Group_ホロスターズ | Recommended_デジタルコンテンツ | Talent_夕刻ロベル | Talent_奏手イヅル | Talent_影山シエン | デジタルのみ | デジタルコンテンツ
2025-11-20T09:51:21+09:00,復刻/再販売,【再販】ねんどろいど 百鬼あやめ,nakiriayame_nendoroid_rerelease,https://shop.hololivepro.com/products/nakiriayame_nendoroid_rerelease,Nakiri Ayame,,1,7500,7500,Generation_ホロライブ2期生 | Group_ホロライブ | Recommended_MERCH | Talent_百鬼あやめ | 受注生産商品
2025-11-20T10:06:54+09:00,復刻/再販売,【再販】ねんどろいど 獅白ぼたん,shishirobotan_nendoroid_rerelease,https://shop.hololivepro.com/products/shishirobotan_nendoroid_rerelease,Shishiro Botan,,1,6900,6900,Generation_ホロライブ5期生 | Group_ホロライブ | Recommended_MERCH | Talent_獅白ぼたん | 受注生産商品
2025-11-20T10:42:36+09:00,周年/記念,ラプラス・ダークネス 活動4周年記念,la-darknesss_anniversary_4th,https://shop.hololivepro.com/products/la-darknesss_anniversary_4th,La+ Darknesss,,8,0,12760,Generation_秘密結社holoX | Group_ホロライブ | Recommended_MERCH | Talent_ラプラス・ダークネス | 受注生産商品
2025-11-20T15:53:22+09:00,誕生日記念,白銀ノエル 誕生日記念2025,shiroganenoel_birthday_2025,https://shop.hololivepro.com/products/shiroganenoel_birthday_2025,Shirogane Noel,,9,0,15400,Generation_ホロライブ3期生 | Group_ホロライブ | Recommended_MERCH | Talent_白銀ノエル | 受注生産商品
2025-11-21T10:40:19+09:00,周年/記念,鷹嶺ルイ 活動4周年記念,takanelui_anniversary_4th,https://shop.hololivepro.com/products/takanelui_anniversary_4th,Takane Lui,,7,0,13420,Generation_秘密結社holoX | Group_ホロライブ | Recommended_MERCH | Talent_鷹嶺ルイ | 受注生産商品
2025-11-25T11:01:59+09:00,LIVE/イベント物販,【再販売】猫又おかゆ 2nd Live.「ぺるそにゃ～りすぺくと」 ライブグッズ,nekomataokayu_2ndlive_personyarespect_resale,https://shop.hololivepro.com/products/nekomataokayu_2ndlive_personyarespect_resale,Nekomata Okayu,,4,2500,4800,Generation_ホロライブゲーマーズ | Group_ホロライブ | nekomataokayu_2ndlive | Recommended_MERCH | Talent_猫又おかゆ
2025-11-25T11:52:00+09:00,その他,猫又おかゆ 2nd Live.「ぺるそにゃ～りすぺくと」 Blu-ray,nekomataokayu_2ndlive_personyarespect_bluray,https://shop.hololivepro.com/products/nekomataokayu_2ndlive_personyarespect_bluray,Nekomata Okayu,,1,9900,9900,Generation_ホロライブゲーマーズ | Group_ホロライブ | nekomataokayu_2ndlive | Recommended_MERCH | Talent_猫又おかゆ | 受注生産商品
2025-11-25T12:48:48+09:00,その他,ホロライブEnglish「Happy Winter Holidays」,hololiveen_happywinterholidays,https://shop.hololivepro.com/products/hololiveen_happywinterholidays,hololive English,,25,935,3300,Generation_hololiveEnglish-Advent- | Generation_hololiveEnglish-Council- | Generation_hololiveEnglish-Justice- | Generation_hololiveEnglish-Promise- | Group_ホロライブEnglish | Recommended_MERCH | Talent_IRyS | Talent_オーロ・クロニー | Talent_ジジ・ムリン | Talent_フワワ・アビスガード | Talent_モココ・アビスガード
2025-11-25T15:27:29+09:00,カード/書籍,"hololive OFFICIAL CARD GAME English Edition Booster Pack ""Elite Spark""",hololiveofficialcardgame_hbp03e,https://shop.hololivepro.com/products/hololiveofficialcardgame_hbp03e,hololive production official shop,,1,9307,9307,_ng_with_normal_group:hcg2409 | hololiveofficialcardgame | hololiveofficialcardgame_Englishedition | Recommended_MERCH
2025-11-25T15:44:41+09:00,カード/書籍,"hololive OFFICIAL CARD GAME English Edition Start Deck ""White - Todoroki Hajime""",hololiveofficialcardgame_hsd05e,https://shop.hololivepro.com/products/hololiveofficialcardgame_hsd05e,hololive production official shop,,1,1396,1396,_ng_with_normal_group:hcg2409 | hololiveofficialcardgame | hololiveofficialcardgame_Englishedition | Recommended_MERCH
2025-11-25T15:51:40+09:00,カード/書籍,"hololive OFFICIAL CARD GAME English Edition Start Deck ""Green - Kazama Iroha""",hololiveofficialcardgame_hsd06e,https://shop.hololivepro.com/products/hololiveofficialcardgame_hsd06e,hololive production official shop,,1,1396,1396,_ng_with_normal_group:hcg2409 | hololiveofficialcardgame | hololiveofficialcardgame_Englishedition | Recommended_MERCH
2025-11-25T15:59:16+09:00,カード/書籍,"hololive OFFICIAL CARD GAME English Edition Start Deck ""Yellow - Shiranui Flare""",hololiveofficialcardgame_hsd07e,https://shop.hololivepro.com/products/hololiveofficialcardgame_hsd07e,hololive production official shop,,1,1396,1396,_ng_with_normal_group:hcg2409 | hololiveofficialcardgame | hololiveofficialcardgame_Englishedition | Recommended_MERCH
2025-11-25T17:15:12+09:00,周年/記念,秘密結社holoX 4周年ライブブロマイド,hololive_holox_anniversary_4th_concertphoto,https://shop.hololivepro.com/products/hololive_holox_anniversary_4th_concertphoto,hololive production official shop,,15,300,300,_codegen | DigitalContents | Generation_秘密結社holoX | Group_ホロライブ | Recommended_デジタルコンテンツ | Talent_ラプラス・ダークネス | Talent_博衣こより | Talent_風真いろは | Talent_鷹嶺ルイ | デジタルのみ | デジタルコンテンツ
2025-11-25T17:34:21+09:00,周年/記念,Secret Society holoX Anniversary Parade,hololiveholox_anniversary_2025,https://shop.hololivepro.com/products/hololiveholox_anniversary_2025,hololive production official shop,,10,1320,3850,AnniversaryParade | Generation_秘密結社holoX | Group_ホロライブ | Recommended_MERCH | Talent_ラプラス・ダークネス | Talent_博衣こより | Talent_風真いろは | Talent_鷹嶺ルイ | 受注生産商品
2025-11-26T11:06:38+09:00,周年/記念,博衣こより 活動4周年記念,hakuikoyori_anniversary_4th,https://shop.hololivepro.com/products/hakuikoyori_anniversary_4th,Hakui Koyori,,10,0,13200,Generation_秘密結社holoX | Group_ホロライブ | Recommended_MERCH | Recommended_デジタルコンテンツ | Talent_博衣こより | デジタルコンテンツ | 受注生産商品
2025-11-26T13:01:20+09:00,周年/記念,風真いろは 活動4周年記念,kazamairoha_anniversary_4th,https://shop.hololivepro.com/products/kazamairoha_anniversary_4th,Kazama Iroha,,9,0,21450,Generation_ホロライブ2期生 | Generation_秘密結社holoX | Group_ホロライブ | Recommended_MERCH | Talent_風真いろは | 受注生産商品
2025-11-26T13:18:12+09:00,その他,秘密結社holoX 1st Album『Secret ORDER』完全生産限定盤,hololiveholox_1stalbum_secretorder_limited,https://shop.hololivepro.com/products/hololiveholox_1stalbum_secretorder_limited,hololive production official shop,,1,9900,9900,1stal_secretorder | _ng_with_normal_group:holoX_AL1201 | CD | Generation_秘密結社holoX | Group_ホロライブ | Recommended_MERCH | Talent_ラプラス・ダークネス | Talent_博衣こより | Talent_風真いろは | Talent_鷹嶺ルイ
2025-11-26T13:37:36+09:00,その他,秘密結社holoX 1st Album『Secret ORDER』通常盤,hololiveholox_1stalbum_secretorder_regular,https://shop.hololivepro.com/products/hololiveholox_1stalbum_secretorder_regular,hololive production official shop,,1,3850,3850,1stal_secretorder | _group:holoX_AL1201 | CD | Generation_秘密結社holoX | Group_ホロライブ | Recommended_MERCH | Talent_ラプラス・ダークネス | Talent_博衣こより | Talent_風真いろは | Talent_鷹嶺ルイ
2025-11-27T17:50:45+09:00,その他,星街すいせい たらららグッズ,hoshimachisuisei_talalalamerch,https://shop.hololivepro.com/products/hoshimachisuisei_talalalamerch,Hoshimachi Suisei,,4,1100,4400,Generation_ホロライブ0期生 | Group_ホロライブ | Recommended_MERCH | Talent_星街すいせい | 受注生産商品
2025-11-28T09:59:25+09:00,その他,-Art Selection- ラプラス・ダークネス,artselection_laplusdarknesss,https://shop.hololivepro.com/products/artselection_laplusdarknesss,La+ Darknesss,,3,550,5500,artselection | Generation_秘密結社holoX | Group_ホロライブ | Recommended_MERCH | Talent_ラプラス・ダークネス
2025-11-28T11:10:26+09:00,その他,-Art Selection- 博衣こより,artselection_hakuikoyori,https://shop.hololivepro.com/products/artselection_hakuikoyori,Hakui Koyori,,3,550,5500,artselection | Generation_秘密結社holoX | Group_ホロライブ | Recommended_MERCH | Talent_博衣こより
2025-12-01T10:24:53+09:00,周年/記念,一条莉々華 holo Indie応援大使 1.5周年記念グッズ,ichijouririka_holoindiesupportambassador_1-5thanniversary,https://shop.hololivepro.com/products/ichijouririka_holoindiesupportambassador_1-5thanniversary,Ichijou Ririka,,6,0,13530,Generation_ReGLOSS | Group_hololiveDEV_IS | Recommended_MERCH | Talent_一条莉々華 | 受注生産商品
2025-12-01T13:03:05+09:00,その他,HELLO! GOOD SMILE さくらみこ,sakuramiko_hellogoodsmile,https://shop.hololivepro.com/products/sakuramiko_hellogoodsmile,Sakura Miko,,1,2000,2000,Generation_ホロライブ0期生 | Group_ホロライブ | Recommended_MERCH | Talent_さくらみこ | 受注生産商品
2025-12-01T13:13:39+09:00,その他,HELLO! GOOD SMILE ときのそら,tokinosora_hellogoodsmile,https://shop.hololivepro.com/products/tokinosora_hellogoodsmile,Tokino sora,,1,2000,2000,Generation_ホロライブ0期生 | Group_ホロライブ | Recommended_MERCH | Talent_ときのそら | 受注生産商品
2025-12-01T17:27:54+09:00,シリーズ/アパレル,hololive Seasonal Days ウィンターランデブー,hololive_seasonaldays_winterrendezvous,https://shop.hololivepro.com/products/hololive_seasonaldays_winterrendezvous,hololive production official shop,,22,440,4950,Generation_ホロライブ0期生 | Generation_ホロライブ1期生 | Generation_ホロライブ3期生 | Generation_ホロライブ5期生 | Group_ホロライブ | hololive_seasonaldays | Recommended_MERCH | Talent_さくらみこ | Talent_ときのそら | Talent_夏色まつり | Talent_宝鐘マリン | Talent_桃鈴ねね
2025-12-02T15:06:24+09:00,周年/記念,アーニャ・メルフィッサ 活動5周年記念,anyamelfissa_anniversary_5th,https://shop.hololivepro.com/products/anyamelfissa_anniversary_5th,Anya Melfissa,,8,0,13200,Generation_ホロライブインドネシア2期生 | Group_ホロライブインドネシア | Recommended_MERCH | Recommended_デジタルコンテンツ | Talent_アーニャ・メルフィッサ | デジタルコンテンツ | 受注生産商品
2025-12-02T15:29:50+09:00,カード/書籍,hololive OFFICIAL CARD GAME ブースターパック「アヤカシヴァーミリオン」,hololiveofficialcardgame_hbp06,https://shop.hololivepro.com/products/hololiveofficialcardgame_hbp06,hololive production official shop,,2,5280,5280,_ng_with_normal_group:hcg2409 | hololiveofficialcardgame | Recommended_MERCH | 再販
2025-12-02T16:44:14+09:00,カード/書籍,hololive OFFICIAL CARD GAME オフィシャルホロカスリーブ vol.26〜vol.30,hololiveofficialcardgame_cardsleeve_vol26-30,https://shop.hololivepro.com/products/hololiveofficialcardgame_cardsleeve_vol26-30,hololive production official shop,,5,990,990,_ng_with_normal_group:hcg2409 | hololiveofficialcardgame | Recommended_MERCH
2025-12-02T16:59:46+09:00,カード/書籍,hololive OFFICIAL CARD GAME オフィシャルホロカケース vol.17〜vol.21,hololiveofficialcardgame_cardcase_vol17-21,https://shop.hololivepro.com/products/hololiveofficialcardgame_cardcase_vol17-21,hololive production official shop,,5,880,880,_ng_with_normal_group:hcg2409 | hololiveofficialcardgame | Recommended_MERCH
2025-12-02T17:30:19+09:00,カード/書籍,hololive OFFICIAL CARD GAME オフィシャルスペシャルホロカケース FLOW GLOW,hololiveofficialcardgame_specialcardcase_flowglow,https://shop.hololivepro.com/products/hololiveofficialcardgame_specialcardcase_flowglow,hololive production official shop,,1,3300,3300,_ng_with_normal_group:hcg2409 | hololiveofficialcardgame | Recommended_MERCH
2025-12-03T11:49:16+09:00,周年/記念,大神ミオ 活動7周年記念,ookamimio_anniversary_7th,https://shop.hololivepro.com/products/ookamimio_anniversary_7th,Ookami Mio,,6,0,18810,Generation_ホロライブゲーマーズ | Group_ホロライブ | Recommended_MERCH | Talent_大神ミオ | 受注生産商品
2025-12-03T15:44:05+09:00,周年/記念,アステル・レダ 活動6周年記念,astelleda_anniversary_6th,https://shop.hololivepro.com/products/astelleda_anniversary_6th,Astel Leda,,8,0,16445,Generation_ホロスターズ2期生 | Group_ホロスターズ | Recommended_MERCH | Recommended_デジタルコンテンツ | Talent_アステル・レダ | デジタルコンテンツ | 受注生産商品
2025-12-04T13:13:27+09:00,周年/記念,パヴォリア・レイネ 活動5周年記念,pavoliareine_anniversary_5th,https://shop.hololivepro.com/products/pavoliareine_anniversary_5th,Pavolia Reine,,8,0,18370,Generation_ホロライブインドネシア2期生 | Group_ホロライブインドネシア | Recommended_MERCH | Recommended_デジタルコンテンツ | Talent_パヴォリア・レイネ | デジタルコンテンツ | 受注生産商品
2025-12-05T14:49:51+09:00,hololive friends,hololive friends poutique Fun!ハット AZKi,azki_hololivefriendspoutique_funhat,https://shop.hololivepro.com/products/azki_hololivefriendspoutique_funhat,AZKi,,1,1200,1200,Generation_ホロライブ0期生 | Group_ホロライブ | hololivefriendspoutique | Recommended_MERCH | Recommended_定番商品 | Talent_AZKi
2025-12-05T14:51:12+09:00,hololive friends,hololive friends poutique Fun!ハット 白上フブキ,shirakamifubuki_hololivefriendspoutique_funhat,https://shop.hololivepro.com/products/shirakamifubuki_hololivefriendspoutique_funhat,Shirakami Fubuki,,1,1200,1200,Generation_ホロライブ1期生 | Generation_ホロライブゲーマーズ | Group_ホロライブ | hololivefriendspoutique | Recommended_MERCH | Recommended_定番商品 | Talent_白上フブキ
2025-12-05T14:52:09+09:00,hololive friends,hololive friends poutique Fun!ハット 百鬼あやめ,nakiriayame_hololivefriendspoutique_funhat,https://shop.hololivepro.com/products/nakiriayame_hololivefriendspoutique_funhat,Nakiri Ayame,,1,1200,1200,Generation_ホロライブ2期生 | Group_ホロライブ | hololivefriendspoutique | Recommended_MERCH | Recommended_定番商品 | Talent_百鬼あやめ
2025-12-05T14:53:36+09:00,hololive friends,hololive friends poutique Fun!ハット 不知火フレア,shiranuiflare_hololivefriendspoutique_funhat,https://shop.hololivepro.com/products/shiranuiflare_hololivefriendspoutique_funhat,Shiranui Flare,,1,1200,1200,Generation_ホロライブ3期生 | Group_ホロライブ | hololivefriendspoutique | Recommended_MERCH | Recommended_定番商品 | Talent_不知火フレア
2025-12-05T14:54:32+09:00,hololive friends,hololive friends poutique Fun!ハット 尾丸ポルカ,omarupolka_hololivefriendspoutique_funhat,https://shop.hololivepro.com/products/omarupolka_hololivefriendspoutique_funhat,Omaru Polka,,1,1200,1200,Generation_ホロライブ5期生 | Group_ホロライブ | hololivefriendspoutique | Recommended_MERCH | Recommended_定番商品 | Talent_尾丸ポルカ
2025-12-05T14:55:19+09:00,hololive friends,hololive friends poutique Fun!ハット ラプラス・ダークネス,laplusdarknesss_hololivefriendspoutique_funhat,https://shop.hololivepro.com/products/laplusdarknesss_hololivefriendspoutique_funhat,La+ Darknesss,,1,1200,1200,Generation_秘密結社holoX | Group_ホロライブ | hololivefriendspoutique | Recommended_MERCH | Recommended_定番商品 | Talent_ラプラス・ダークネス
2025-12-05T14:55:58+09:00,hololive friends,hololive friends poutique Fun!ハット 鷹嶺ルイ,takanelui_hololivefriendspoutique_funhat,https://shop.hololivepro.com/products/takanelui_hololivefriendspoutique_funhat,Takane Lui,,1,1200,1200,Generation_秘密結社holoX | Group_ホロライブ | hololivefriendspoutique | Recommended_MERCH | Recommended_定番商品 | Talent_鷹嶺ルイ
2025-12-08T08:51:05+09:00,ボイス,ホロライブ クリスマスボイス2025 ～ミラクル フォー Y♡U～,hololive_christmasvoice2025,https://shop.hololivepro.com/products/hololive_christmasvoice2025,hololive production official shop,,103,1000,20000,Generation_FLOWGLOW | Generation_hololiveEnglish-Advent- | Generation_hololiveEnglish-Council- | Generation_hololiveEnglish-Justice- | Generation_hololiveEnglish-Myth- | Generation_hololiveEnglish-Promise- | Generation_ReGLOSS | Generation_ホロライブ0期生 | Generation_ホロライブ1期生 | Generation_ホロライブ2期生 | Generation_ホロライブ3期生 | Generation_ホロライブ4期生 | Generation_ホロライブ5期生 | Generation_ホロライブインドネシア1期生 | Generation_ホロライブインドネシア2期生 | Generation_ホロライブインドネシア3期生 | Generation_秘密結社holoX | Group_hololiveDEV_IS | Group_ホロライブ | Group_ホロライブEnglish | Group_ホロライブインドネシア | Recommended_デジタルコンテンツ | Talent_AZKi | Talent_ときのそら | Talent_アイラニ・イオフィフティーン | Talent_アユンダ・リス | Talent_エリザベス・ローズ・ブラッドフレイム | Talent_オーロ・クロニー | Talent_クレイジー・オリー | Talent_シオリ・ノヴェラ | Talent_ジジ・ムリン | Talent_セシリア・イマーグリーン | Talent_ネリッサ・レイヴンクロフト | Talent_ハコス・ベールズ | Talent_フワワ・アビスガード | Talent_ベスティア・ゼータ | Talent_ムーナ・ホシノヴァ | Talent_モココ・アビスガード | Talent_ラオーラ・パンテーラ | Talent_ロボ子さん | Talent_一条莉々華 | Talent_不知火フレア | Talent_儒烏風亭らでん | Talent_博衣こより | Talent_古石ビジュー | Talent_宝鐘マリン | Talent_小鳥遊キアラ | Talent_尾丸ポルカ | Talent_桃鈴ねね | Talent_水宮枢 | Talent_癒月ちょこ | Talent_白銀ノエル | Talent_百鬼あやめ | Talent_綺々羅々ヴィヴィ | Talent_虎金妃笑虎 | Talent_角巻わため | Talent_赤井はあと | Talent_輪堂千速 | Talent_轟はじめ | Talent_雪花ラミィ | Talent_響咲リオナ | デジタルのみ | デジタルコンテンツ
2025-12-08T16:31:11+09:00,ボイス,ホロライブ 日常ささやき「上手なキミにからかわれちゃう」ボイス,hololive_asmr_teasingmesoftly,https://shop.hololivepro.com/products/hololive_asmr_teasingmesoftly,hololive production official shop,,17,1000,16000,Generation_FLOWGLOW | Generation_ReGLOSS | Generation_ホロライブ0期生 | Generation_ホロライブ1期生 | Generation_ホロライブ2期生 | Generation_ホロライブ3期生 | Generation_ホロライブ5期生 | Generation_秘密結社holoX | Group_hololiveDEV_IS | Group_ホロライブ | Recommended_デジタルコンテンツ | Talent_AZKi | Talent_ときのそら | Talent_ロボ子さん | Talent_一条莉々華 | Talent_博衣こより | Talent_夏色まつり | Talent_尾丸ポルカ | Talent_桃鈴ねね | Talent_水宮枢 | Talent_癒月ちょこ | Talent_白銀ノエル | Talent_百鬼あやめ | Talent_綺々羅々ヴィヴィ | Talent_輪堂千速 | Talent_雪花ラミィ | Talent_響咲リオナ | デジタルのみ | デジタルコンテンツ
2025-12-08T17:51:49+09:00,その他,獅白ぼたんとクリスマス闘nightⅡ,shishirobotan_xmas_tounight_2,https://shop.hololivepro.com/products/shishirobotan_xmas_tounight_2,Shishiro Botan,,2,1100,1100,__yt_checkout | _ng_with_normal_group:shishirobotan_tounight | _商品毎購入数制限 | Generation_ホロライブ5期生 | Group_ホロライブ | Recommended_デジタルコンテンツ | Talent_獅白ぼたん | UCUKD-uaobj9jiqB-VXt71mA | デジタルコンテンツ | 日本以外配送禁止
2025-12-09T08:45:32+09:00,周年/記念,hololive GAMERS Anniversary Parade,hololivegamers_anniversary_2025,https://shop.hololivepro.com/products/hololivegamers_anniversary_2025,hololive production official shop,,10,1320,3850,AnniversaryParade | Generation_ホロライブ1期生 | Generation_ホロライブゲーマーズ | Group_ホロライブ | Recommended_MERCH | Talent_大神ミオ | Talent_戌神ころね | Talent_猫又おかゆ | Talent_白上フブキ | 受注生産商品
2025-12-09T09:20:22+09:00,周年/記念,ホロライブインドネシア2期生 5周年記念,hololiveid2nd_anniversary_5th,https://shop.hololivepro.com/products/hololiveid2nd_anniversary_5th,hololive production official shop,,7,2200,3960,Generation_ホロライブインドネシア2期生 | Group_ホロライブインドネシア | Recommended_MERCH | Talent_アーニャ・メルフィッサ | Talent_クレイジー・オリー | Talent_パヴォリア・レイネ | 受注生産商品
2025-12-09T11:23:06+09:00,ボイス,ホロライブ「ふたりきりの聖夜」ASMRボイス,hololive_asmr_achristmasevefortwo,https://shop.hololivepro.com/products/hololive_asmr_achristmasevefortwo,hololive production official shop,,4,2500,7500,Generation_FLOWGLOW | Generation_ホロライブ4期生 | Generation_ホロライブ5期生 | Group_hololiveDEV_IS | Group_ホロライブ | Recommended_デジタルコンテンツ | Talent_綺々羅々ヴィヴィ | Talent_角巻わため | Talent_雪花ラミィ | デジタルのみ | デジタルコンテンツ
2025-12-10T08:48:09+09:00,誕生日記念,こぼ・かなえる 誕生日記念2025,kobokanaeru_birthday_2025,https://shop.hololivepro.com/products/kobokanaeru_birthday_2025,Kobo Kanaeru,,9,0,19690,Generation_ホロライブインドネシア3期生 | Group_ホロライブインドネシア | Recommended_MERCH | Recommended_デジタルコンテンツ | Talent_こぼ・かなえる | デジタルコンテンツ | 受注生産商品
2025-12-10T10:43:42+09:00,その他,宝鐘マリン 船長のラブリーおしりグッズ,houshoumarine_thecaptainslovelycheeksmerch,https://shop.hololivepro.com/products/houshoumarine_thecaptainslovelycheeksmerch,Houshou Marine,,6,0,22000,Generation_ホロライブ3期生 | Group_ホロライブ | Recommended_MERCH | Talent_宝鐘マリン | 受注生産商品
2025-12-10T14:53:09+09:00,周年/記念,岸堂天真 活動6周年記念,kishidotemma_anniversary_6th,https://shop.hololivepro.com/products/kishidotemma_anniversary_6th,Kishido Temma,,8,0,14025,Generation_ホロスターズ2期生 | Group_ホロスターズ | Recommended_MERCH | Recommended_デジタルコンテンツ | Talent_岸堂天真 | デジタルコンテンツ | 受注生産商品
2025-12-11T09:58:56+09:00,LIVE/イベント物販,【2次販売】ReGLOSS 1st Live “Flashpoint”ライブグッズ,hololiveregloss_1stlive_flashpoint_secondaryorder,https://shop.hololivepro.com/products/hololiveregloss_1stlive_flashpoint_secondaryorder,hololive DEV_IS,,22,0,10500,Generation_ReGLOSS | Group_hololiveDEV_IS | Recommended_MERCH | Talent_一条莉々華 | Talent_儒烏風亭らでん | Talent_轟はじめ | Talent_音乃瀬奏 | 受注生産商品
2025-12-11T14:53:17+09:00,誕生日記念,百鬼あやめ 誕生日記念2025,nakiriayame_birthday_2025,https://shop.hololivepro.com/products/nakiriayame_birthday_2025,Nakiri Ayame,,10,0,21780,Generation_ホロライブ2期生 | Group_ホロライブ | Recommended_MERCH | Recommended_デジタルコンテンツ | Talent_百鬼あやめ | デジタルコンテンツ | 受注生産商品
2025-12-11T15:26:39+09:00,その他,Amane Kanata 1st Solo Live “LOCK ON” Blu-ray,amanekanata_1stsololive_lockon_bluray,https://shop.hololivepro.com/products/amanekanata_1stsololive_lockon_bluray,Amane Kanata,,1,9900,9900,Generation_ホロライブ4期生 | Group_ホロライブ | Recommended_MERCH | Talent_天音かなた | 受注生産商品
2025-12-12T12:43:50+09:00,復刻/再販売,【再販】POP UP PARADE SP 星街すいせい,hoshimachisuisei_popupparadesp_rerelease,https://shop.hololivepro.com/products/hoshimachisuisei_popupparadesp_rerelease,Hoshimachi Suisei,,1,6800,6800,Generation_ホロライブ0期生 | Group_ホロライブ | Recommended_MERCH | Talent_星街すいせい | 受注生産商品
2025-12-15T16:40:08+09:00,その他,Regular Outfit ホロライブEnglish 缶バッジ,hololiveen_regularoutfit_buttonbadge,https://shop.hololivepro.com/products/hololiveen_regularoutfit_buttonbadge,hololive English,,15,550,550,Generation_hololiveEnglish-Advent- | Generation_hololiveEnglish-Council- | Generation_hololiveEnglish-Justice- | Generation_hololiveEnglish-Myth- | Generation_hololiveEnglish-Promise- | Group_ホロライブEnglish | Recommended_MERCH | regularoutfit | Talent_IRyS | Talent_エリザベス・ローズ・ブラッドフレイム | Talent_オーロ・クロニー | Talent_シオリ・ノヴェラ | Talent_ジジ・ムリン | Talent_セシリア・イマーグリーン | Talent_ネリッサ・レイヴンクロフト | Talent_ハコス・ベールズ | Talent_フワワ・アビスガード | Talent_モココ・アビスガード | Talent_ラオーラ・パンテーラ | Talent_一伊那尓栖 | Talent_古石ビジュー | Talent_小鳥遊キアラ | Talent_森カリオペ
2025-12-16T14:09:26+09:00,その他,アキ・ローゼンタール 100万人記念,akirosenthal_subscribers_1m,https://shop.hololivepro.com/products/akirosenthal_subscribers_1m,Aki Rosenthal,,9,0,20680,Generation_ホロライブ1期生 | Group_ホロライブ | Recommended_MERCH | Recommended_デジタルコンテンツ | Talent_アキ・ローゼンタール | デジタルコンテンツ | 受注生産商品
2025-12-17T09:49:53+09:00,その他,羽継烏有 お絵かきグッズ,utsugiuyu_artistiquemerch,https://shop.hololivepro.com/products/utsugiuyu_artistiquemerch,Utsugi Uyu,,6,0,8910,Generation_UPROAR‼︎ | Group_ホロスターズ | Recommended_MERCH | Talent_羽継烏有 | 受注生産商品
2025-12-17T10:27:11+09:00,LIVE/イベント物販,ねぽらぼライブ re:VISION Holoearth Live 開催記念,hololive_nepolabo_liverevision_holoearthlivecelebreation,https://shop.hololivepro.com/products/hololive_nepolabo_liverevision_holoearthlivecelebreation,hololive production official shop,,5,2420,3300,_ng_with_normal_group:neporaboLiveGoods_1221 | Generation_ホロライブ5期生 | Group_ホロライブ | Ondemand | Recommended_MERCH | Talent_尾丸ポルカ | Talent_桃鈴ねね | Talent_獅白ぼたん | Talent_雪花ラミィ | 受注生産商品
2025-12-17T11:45:32+09:00,LIVE/イベント物販,"【先行発送】Takanashi Kiara / Ninomae Ina’nis 1st Concert ""Drawn to Dawn"" ライブグッズ",takanashikiara_ninomaeinanis_1stconcert_drawntodawn_advancedshipping,https://shop.hololivepro.com/products/takanashikiara_ninomaeinanis_1stconcert_drawntodawn_advancedshipping,TakoTori,,9,500,9460,1stlive_drawntodawn | _ng_with_normal_group:TakanashiKiara_NinomaeInanis_1stLive1220 | Generation_hololiveEnglish-Myth- | Group_ホロライブEnglish | Recommended_MERCH | Talent_一伊那尓栖 | Talent_小鳥遊キアラ
2025-12-17T12:02:35+09:00,LIVE/イベント物販,"【受注販売】Takanashi Kiara / Ninomae Ina’nis 1st Concert ""Drawn to Dawn"" ライブグッズ",takanashikiara_ninomaeinanis_1stconcert_drawntodawn_madetoorder,https://shop.hololivepro.com/products/takanashikiara_ninomaeinanis_1stconcert_drawntodawn_madetoorder,TakoTori,,4,3960,5500,1stlive_drawntodawn | Generation_hololiveEnglish-Myth- | Group_ホロライブEnglish | Recommended_MERCH | Talent_一伊那尓栖 | Talent_小鳥遊キアラ | 受注生産商品
2025-12-17T14:00:39+09:00,周年/記念,オーロ・クロニー 活動4周年記念,ourokronii_anniversary_4th,https://shop.hololivepro.com/products/ourokronii_anniversary_4th,Ouro Kronii,,6,0,20350,Generation_hololiveEnglish-Council- | Generation_hololiveEnglish-Promise- | Group_ホロライブEnglish | Recommended_MERCH | Talent_オーロ・クロニー | 受注生産商品
2025-12-18T09:52:26+09:00,その他,大空スバル おこもりグッズ,oozorasubaru_cozymerchandise,https://shop.hololivepro.com/products/oozorasubaru_cozymerchandise,Oozora Subaru,,6,0,20460,Generation_ホロライブ2期生 | Group_ホロライブ | Recommended_MERCH | Talent_大空スバル | 受注生産商品
2025-12-18T10:22:01+09:00,ボイス,ラプラス・ダークネス&博衣こより「癒しのマッサージ屋さんで秘密のひととき」ASMRボイス,laplusdarknesssandhakuikoyori_asmr_findingsolaceinmassage,https://shop.hololivepro.com/products/laplusdarknesssandhakuikoyori_asmr_findingsolaceinmassage,hololive production official shop,,4,1000,6000,Generation_秘密結社holoX | Group_ホロライブ | Recommended_デジタルコンテンツ | Talent_ラプラス・ダークネス | Talent_博衣こより | デジタルのみ | デジタルコンテンツ
2025-12-18T11:39:38+09:00,その他,ランダム箔押し缶バッジ 正月衣装ver.,hololive_randomfoilstampedbuttonbadge_newyearoutfitver,https://shop.hololivepro.com/products/hololive_randomfoilstampedbuttonbadge_newyearoutfitver,hololive production official shop,,7,660,660,Generation_hololiveEnglish-Advent- | Generation_hololiveEnglish-Council- | Generation_hololiveEnglish-Justice- | Generation_hololiveEnglish-Myth- | Generation_hololiveEnglish-Promise- | Generation_ホロライブ0期生 | Generation_ホロライブ1期生 | Generation_ホロライブ2期生 | Generation_ホロライブ3期生 | Generation_ホロライブ4期生 | Generation_ホロライブ5期生 | Generation_ホロライブインドネシア1期生 | Generation_ホロライブインドネシア2期生 | Generation_ホロライブインドネシア3期生 | Generation_ホロライブゲーマーズ | Generation_秘密結社holoX | Group_ホロライブ | Group_ホロライブEnglish | Group_ホロライブインドネシア | Recommended_MERCH | Talent_AZKi | Talent_IRyS | Talent_こぼ・かなえる | Talent_さくらみこ | Talent_ときのそら | Talent_アイラニ・イオフィフティーン | Talent_アキ・ローゼンタール | Talent_アユンダ・リス | Talent_アーニャ・メルフィッサ | Talent_エリザベス・ローズ・ブラッドフレイム | Talent_オーロ・クロニー | Talent_カエラ・コヴァルスキア | Talent_クレイジー・オリー | Talent_シオリ・ノヴェラ | Talent_ジジ・ムリン | Talent_セシリア・イマーグリーン | Talent_ネリッサ・レイヴンクロフト | Talent_ハコス・ベールズ | Talent_パヴォリア・レイネ | Talent_フワワ・アビスガード | Talent_ベスティア・ゼータ | Talent_ムーナ・ホシノヴァ | Talent_モココ・アビスガード | Talent_ラオーラ・パンテーラ | Talent_ラプラス・ダークネス | Talent_ロボ子さん | Talent_一伊那尓栖 | Talent_不知火フレア | Talent_兎田ぺこら | Talent_博衣こより | Talent_古石ビジュー | Talent_夏色まつり | Talent_大神ミオ | Talent_大空スバル | Talent_天音かなた | Talent_姫森ルーナ | Talent_宝鐘マリン | Talent_小鳥遊キアラ | Talent_尾丸ポルカ | Talent_常闇トワ | Talent_戌神ころね | Talent_星街すいせい | Talent_桃鈴ねね | Talent_森カリオペ | Talent_猫又おかゆ | Talent_獅白ぼたん | Talent_癒月ちょこ | Talent_白上フブキ | Talent_白銀ノエル | Talent_百鬼あやめ | Talent_角巻わため | Talent_赤井はあと | Talent_雪花ラミィ | Talent_風真いろは | Talent_鷹嶺ルイ
2025-12-18T15:22:53+09:00,ボイス,【再販】ゆくホロくるホロ 年末年始デートボイス ～2023→2024～,hololive_newyearsholidaydate_2023-2024_resale,https://shop.hololivepro.com/products/hololive_newyearsholidaydate_2023-2024_resale,hololive production official shop,,110,1000,21000,Generation_hololiveEnglish-Advent- | Generation_hololiveEnglish-Council- | Generation_hololiveEnglish-Myth- | Generation_hololiveEnglish-Promise- | Generation_ReGLOSS | Generation_ホロライブ0期生 | Generation_ホロライブ1期生 | Generation_ホロライブ2期生 | Generation_ホロライブ3期生 | Generation_ホロライブ5期生 | Generation_ホロライブインドネシア1期生 | Generation_ホロライブインドネシア2期生 | Generation_ホロライブインドネシア3期生 | Generation_ホロライブゲーマーズ | Generation_秘密結社holoX | Group_hololiveDEV_IS | Group_ホロライブ | Group_ホロライブEnglish | Group_ホロライブインドネシア | Recommended_デジタルコンテンツ | Talent_AZKi | Talent_ときのそら | Talent_アイラニ・イオフィフティーン | Talent_アユンダ・リス | Talent_アーニャ・メルフィッサ | Talent_オーロ・クロニー | Talent_カエラ・コヴァルスキア | Talent_クレイジー・オリー | Talent_シオリ・ノヴェラ | Talent_ネリッサ・レイヴンクロフト | Talent_パヴォリア・レイネ | Talent_フワワ・アビスガード | Talent_ベスティア・ゼータ | Talent_モココ・アビスガード | Talent_ラプラス・ダークネス | Talent_ロボ子さん | Talent_一条莉々華 | Talent_不知火フレア | Talent_儒烏風亭らでん | Talent_博衣こより | Talent_古石ビジュー | Talent_夏色まつり | Talent_宝鐘マリン | Talent_尾丸ポルカ | Talent_桃鈴ねね | Talent_森カリオペ | Talent_沙花叉クロヱ | Talent_猫又おかゆ | Talent_癒月ちょこ | Talent_白銀ノエル | Talent_百鬼あやめ | Talent_轟はじめ | Talent_雪花ラミィ | Talent_音乃瀬奏 | Talent_鷹嶺ルイ | デジタルのみ | デジタルコンテンツ
2025-12-18T17:55:22+09:00,その他,【再販】天音かなた 1stアルバム『Unknown DIVA』,amanekanata_1stalbum_unknowndiva_resale,https://shop.hololivepro.com/products/amanekanata_1stalbum_unknowndiva_resale,Amane Kanata,,1,3300,3300,CD | Generation_ホロライブ4期生 | Group_ホロライブ | kanata_graduation_cd | Recommended_MERCH | Talent_天音かなた
2025-12-18T17:57:24+09:00,その他,【再販】天音かなた 2nd Album『Trigger』通常盤,amanekanata_2ndalbum_trigger_resale,https://shop.hololivepro.com/products/amanekanata_2ndalbum_trigger_resale,Amane Kanata,,2,3850,3850,CD | Generation_ホロライブ4期生 | Group_ホロライブ | kanata_graduation_cd | Recommended_MERCH | Talent_天音かなた
2025-12-19T09:39:33+09:00,その他,にゃんぐこ～んグッズ-猫又おかゆ Side-,nekomataokayu_nyangucorn,https://shop.hololivepro.com/products/nekomataokayu_nyangucorn,Nekomata Okayu,,5,0,9460,Generation_ホロライブゲーマーズ | Group_ホロライブ | Recommended_MERCH | Talent_猫又おかゆ | 受注生産商品
2025-12-19T10:01:23+09:00,その他,にゃんぐこ～んグッズ-白上フブキ Side-,shirakamifubuki_nyangucorn,https://shop.hololivepro.com/products/shirakamifubuki_nyangucorn,Shirakami Fubuki,,5,0,9460,Generation_ホロライブ1期生 | Generation_ホロライブゲーマーズ | Group_ホロライブ | Recommended_MERCH | Talent_白上フブキ | 受注生産商品
2025-12-19T11:32:44+09:00,LIVE/イベント物販,Hoshimachi Suisei Live “SuperNova: REBOOT” デジタルメッセージボード,hoshimachisuisei_live_supernovareboot_digitalmessageboard,https://shop.hololivepro.com/products/hoshimachisuisei_live_supernovareboot_digitalmessageboard,Hoshimachi Suisei,,6,3000,7500,_ng_with_normal_group:HoshimachiSuiseiLiveReboot_DMB | DigitalContents | Generation_ホロライブ0期生 | Group_ホロライブ | Recommended_デジタルコンテンツ | Talent_星街すいせい | デジタルのみ | デジタルコンテンツ
2025-12-19T14:31:26+09:00,周年/記念,夕刻ロベル 活動6周年記念,yukokuroberu_anniversary_6th,https://shop.hololivepro.com/products/yukokuroberu_anniversary_6th,Yukoku Roberu,,7,0,11880,Generation_ホロスターズ2期生 | Group_ホロスターズ | Recommended_MERCH | Talent_夕刻ロベル | 受注生産商品
2025-12-19T17:20:54+09:00,その他,POP UP PARADE SP 白銀ノエル,shiroganenoel_popupparadesp,https://shop.hololivepro.com/products/shiroganenoel_popupparadesp,Shirogane Noel,,1,6800,6800,Generation_ホロライブ3期生 | Group_ホロライブ | Recommended_MERCH | Talent_白銀ノエル | 受注生産商品
2025-12-22T09:57:14+09:00,その他,戌神ころね クリスマスグッズ,inugamikorone_christmasmerch,https://shop.hololivepro.com/products/inugamikorone_christmasmerch,Inugami Korone,,6,0,19250,Generation_ホロライブゲーマーズ | Group_ホロライブ | Recommended_MERCH | Talent_戌神ころね | 受注生産商品
2025-12-22T10:39:26+09:00,その他,天音かなた 卒業グッズ,amanekanata_graduationmerch,https://shop.hololivepro.com/products/amanekanata_graduationmerch,Amane Kanata,,8,0,9460,Generation_ホロライブ4期生 | Group_ホロライブ | Recommended_MERCH | Talent_天音かなた | 受注生産商品
2025-12-22T12:55:25+09:00,その他,さくらみこ ルームウェア衣装お披露目記念,sakuramiko_roomwearoutfitcelebration,https://shop.hololivepro.com/products/sakuramiko_roomwearoutfitcelebration,Sakura Miko,,6,0,19250,Generation_ホロライブ0期生 | Group_ホロライブ | Recommended_MERCH | Talent_さくらみこ | 受注生産商品
2025-12-22T14:58:20+09:00,周年/記念,FLOW GLOW 1st Anniversary Voice,flowglow_1stanniversary_voice,https://shop.hololivepro.com/products/flowglow_1stanniversary_voice,hololive FLOW GLOW,,8,1000,7500,Generation_FLOWGLOW | Group_hololiveDEV_IS | Recommended_デジタルコンテンツ | Talent_水宮枢 | Talent_綺々羅々ヴィヴィ | Talent_虎金妃笑虎 | Talent_輪堂千速 | Talent_響咲リオナ | デジタルのみ | デジタルコンテンツ
2025-12-22T17:20:44+09:00,ボイス,hololive 3rd Generation『あいあいあいあい♡あいらぶゆー』リリース記念ボイス,hololive3rdgen_releasecommemorative_aiaiaiaiailoveyou,https://shop.hololivepro.com/products/hololive3rdgen_releasecommemorative_aiaiaiaiailoveyou,hololive production official shop,,3,1000,2000,Generation_ホロライブ3期生 | Group_ホロライブ | hololivefantasy_voiceseries | Recommended_デジタルコンテンツ | Talent_不知火フレア | Talent_兎田ぺこら | Talent_宝鐘マリン | Talent_白銀ノエル | デジタルのみ | デジタルコンテンツ
2025-12-23T10:15:25+09:00,その他,常闇トワ Single『シルベ』完全生産限定盤 (CD+Tシャツ),tokoyamitowa_shirube_limited,https://shop.hololivepro.com/products/tokoyamitowa_shirube_limited,Tokoyami Towa,,1,6600,6600,_ng_with_normal_group:TokoyamiTowa_Single0103 | Generation_ホロライブ4期生 | Group_ホロライブ | Recommended_MERCH | single_shirube | Talent_常闇トワ
2025-12-23T10:34:33+09:00,その他,常闇トワ Single『シルベ』通常盤,tokoyamitowa_shirube_regular,https://shop.hololivepro.com/products/tokoyamitowa_shirube_regular,Tokoyami Towa,,1,1650,1650,_group:TokoyamiTowa_Single0103 | Generation_ホロライブ4期生 | Group_ホロライブ | Recommended_MERCH | single_shirube | Talent_常闇トワ
2025-12-23T16:36:17+09:00,周年/記念,常闇トワ 活動6周年記念,tokoyamitowa_anniversary_6th,https://shop.hololivepro.com/products/tokoyamitowa_anniversary_6th,Tokoyami Towa,,7,0,17600,Generation_ホロライブ4期生 | Group_ホロライブ | Recommended_MERCH | Talent_常闇トワ | 受注生産商品
2025-12-24T10:55:15+09:00,その他,hololive DEV_IS 正月衣装 アクリルパネル,hololivedevis_newyearoutfitacrylicpanel,https://shop.hololivepro.com/products/hololivedevis_newyearoutfitacrylicpanel,hololive DEV_IS,,2,3960,3960,Generation_FLOWGLOW | Generation_ReGLOSS | Group_hololiveDEV_IS | Recommended_MERCH | Talent_一条莉々華 | Talent_儒烏風亭らでん | Talent_水宮枢 | Talent_綺々羅々ヴィヴィ | Talent_虎金妃笑虎 | Talent_輪堂千速 | Talent_轟はじめ | Talent_音乃瀬奏 | Talent_響咲リオナ
2025-12-24T17:58:58+09:00,シリーズ/アパレル,hololive closet 轟はじめ 正月衣装,todorokihajime_hololivecloset_newyearoutfit,https://shop.hololivepro.com/products/todorokihajime_hololivecloset_newyearoutfit,Todoroki Hajime,,1,1760,1760,Generation_ReGLOSS | Group_hololiveDEV_IS | holoclosetnew | hololivecloset | Recommended_MERCH | Talent_轟はじめ
2025-12-24T17:59:26+09:00,シリーズ/アパレル,hololive closet 儒烏風亭らでん 正月衣装,juufuuteiraden_hololivecloset_newyearoutfit,https://shop.hololivepro.com/products/juufuuteiraden_hololivecloset_newyearoutfit,Juufuutei Raden,,1,1760,1760,Generation_ReGLOSS | Group_hololiveDEV_IS | holoclosetnew | hololivecloset | Recommended_MERCH | Talent_儒烏風亭らでん
2025-12-24T17:59:55+09:00,シリーズ/アパレル,hololive closet 一条莉々華 正月衣装,ichijouririka_hololivecloset_newyearoutfit,https://shop.hololivepro.com/products/ichijouririka_hololivecloset_newyearoutfit,Ichijou Ririka,,1,1760,1760,Generation_ReGLOSS | Group_hololiveDEV_IS | holoclosetnew | hololivecloset | Recommended_MERCH | Talent_一条莉々華
2025-12-24T18:00:17+09:00,シリーズ/アパレル,hololive closet 音乃瀬奏 正月衣装,otonosekanade_hololivecloset_newyearoutfit,https://shop.hololivepro.com/products/otonosekanade_hololivecloset_newyearoutfit,Otonose Kanade,,1,1760,1760,Generation_ReGLOSS | Group_hololiveDEV_IS | holoclosetnew | hololivecloset | Recommended_MERCH | Talent_音乃瀬奏
2025-12-24T18:00:38+09:00,シリーズ/アパレル,hololive closet 綺々羅々ヴィヴィ 正月衣装,kikiraravivi_hololivecloset_newyearoutfit,https://shop.hololivepro.com/products/kikiraravivi_hololivecloset_newyearoutfit,Kikirara Vivi,,1,1760,1760,Generation_FLOWGLOW | Group_hololiveDEV_IS | holoclosetnew | hololivecloset | Recommended_MERCH | Talent_綺々羅々ヴィヴィ
2025-12-24T18:00:50+09:00,シリーズ/アパレル,hololive closet 輪堂千速 正月衣装,rindochihaya_hololivecloset_newyearoutfit,https://shop.hololivepro.com/products/rindochihaya_hololivecloset_newyearoutfit,Rindo Chihaya,,1,1760,1760,Generation_FLOWGLOW | Group_hololiveDEV_IS | holoclosetnew | hololivecloset | Recommended_MERCH | Talent_輪堂千速
2025-12-24T18:01:06+09:00,シリーズ/アパレル,hololive closet 水宮枢 正月衣装,mizumiyasu_hololivecloset_newyearoutfit,https://shop.hololivepro.com/products/mizumiyasu_hololivecloset_newyearoutfit,Mizumiya Su,,1,1760,1760,Generation_FLOWGLOW | Group_hololiveDEV_IS | holoclosetnew | hololivecloset | Recommended_MERCH | Talent_水宮枢
2025-12-24T18:01:27+09:00,シリーズ/アパレル,hololive closet 虎金妃笑虎 正月衣装,koganeiniko_hololivecloset_newyearoutfit,https://shop.hololivepro.com/products/koganeiniko_hololivecloset_newyearoutfit,Koganei Niko,,1,1760,1760,Generation_FLOWGLOW | Group_hololiveDEV_IS | holoclosetnew | hololivecloset | Recommended_MERCH | Talent_虎金妃笑虎
2025-12-24T18:02:02+09:00,シリーズ/アパレル,hololive closet 響咲リオナ 正月衣装,isakiriona_hololivecloset_newyearoutfit,https://shop.hololivepro.com/products/isakiriona_hololivecloset_newyearoutfit,Isaki Riona,,1,1760,1760,Generation_FLOWGLOW | Group_hololiveDEV_IS | holoclosetnew | hololivecloset | Recommended_MERCH | Talent_響咲リオナ
2025-12-25T13:55:37+09:00,周年/記念,角巻わため 活動6周年記念,tsunomakiwatame_anniversary_6th,https://shop.hololivepro.com/products/tsunomakiwatame_anniversary_6th,Tsunomaki Watame,,7,0,14740,Generation_ホロライブ4期生 | Group_ホロライブ | Recommended_MERCH | Talent_角巻わため | 受注生産商品
2025-12-25T15:30:45+09:00,周年/記念,hololive 4th Generation Anniversary Parade,hololive4thgen_anniversary_2025,https://shop.hololivepro.com/products/hololive4thgen_anniversary_2025,hololive production official shop,,8,1320,3850,AnniversaryParade | Generation_ホロライブ4期生 | Group_ホロライブ | Recommended_MERCH | Talent_姫森ルーナ | Talent_常闇トワ | Talent_角巻わため | 受注生産商品
